Fecha,Precio,EMA200,Regimen,Hurst_Score,Señal_CarryTrade,Confianza_CarryTrade,Señal_SMC,Confianza_SMC,Estructura_SMC,OB_Tipo_SMC,Decision_Claude,Consenso_Recomendacion,Confianza_Consenso,Posicion_Activa,Razon_de_Salida,PnL_Trade,Culpable_Perdida,FLAG_NOISE,POI_Quality,Lesson_Learned,OBI_Score
2026-01-02 18:59:59,89703.2,88109.98,NOISE,0.0,long,0.8,neutral,0.0,N/A,None,HOLD,neutral,0.0,NINGUNA,,,,⚠️ PROHIBIR_OPERAR,,,0.0
2026-01-02 19:59:59,89852.9,88127.32,NOISE,0.0,long,0.8,neutral,0.0,N/A,None,HOLD,neutral,0.0,NINGUNA,,,,⚠️ PROHIBIR_OPERAR,,,0.0
2026-01-02 20:59:59,89694.1,88142.91,NOISE,0.0,long,0.8,neutral,0.0,N/A,None,HOLD,neutral,0.0,NINGUNA,,,,⚠️ PROHIBIR_OPERAR,,,0.0
2026-01-02 21:59:59,90030.9,88161.7,NOISE,0.0,long,0.8,neutral,0.0,N/A,None,HOLD,neutral,0.0,NINGUNA,,,,⚠️ PROHIBIR_OPERAR,,,0.0
2026-01-02 22:59:59,90156.2,88181.54,NOISE,0.0,long,0.8,neutral,0.0,N/A,None,HOLD,neutral,0.0,NINGUNA,,,,⚠️ PROHIBIR_OPERAR,,,0.0
2026-01-02 23:59:59,89934.0,88198.98,NOISE,0.0,long,0.8,neutral,0.0,N/A,None,HOLD,neutral,0.0,NINGUNA,,,,⚠️ PROHIBIR_OPERAR,,,0.0
2026-01-03 00:59:59,90102.2,88217.92,NOISE,0.0,long,0.8,neutral,0.0,N/A,None,HOLD,neutral,0.0,NINGUNA,,,,⚠️ PROHIBIR_OPERAR,,,0.0
2026-01-03 01:59:59,90247.1,88238.11,NOISE,0.0,long,0.8,neutral,0.0,N/A,None,HOLD,neutral,0.0,NINGUNA,,,,⚠️ PROHIBIR_OPERAR,,,0.0
2026-01-03 02:59:59,90302.9,88258.65,NOISE,0.0,long,0.8,neutral,0.0,N/A,None,HOLD,neutral,0.0,NINGUNA,,,,⚠️ PROHIBIR_OPERAR,,,0.0
2026-01-03 03:59:59,90282.1,88278.79,NOISE,0.0,long,0.8,neutral,0.0,N/A,None,HOLD,neutral,0.0,NINGUNA,,,,⚠️ PROHIBIR_OPERAR,,,0.0
2026-01-03 04:59:59,90121.1,88297.12,NOISE,0.0,long,0.8,neutral,0.0,N/A,None,HOLD,neutral,0.0,NINGUNA,,,,⚠️ PROHIBIR_OPERAR,,,0.0
2026-01-03 05:59:59,89991.9,88313.98,NOISE,0.0,long,0.8,neutral,0.0,N/A,None,HOLD,neutral,0.0,NINGUNA,,,,⚠️ PROHIBIR_OPERAR,,,0.0
2026-01-03 06:59:59,89845.2,88329.22,NOISE,0.0,long,0.8,neutral,0.0,N/A,None,HOLD,neutral,0.0,NINGUNA,,,,⚠️ PROHIBIR_OPERAR,,,0.0
2026-01-03 07:59:59,89558.3,88341.45,NOISE,0.0,long,0.8,neutral,0.0,N/A,None,HOLD,neutral,0.0,NINGUNA,,,,⚠️ PROHIBIR_OPERAR,,,0.0
2026-01-03 08:59:59,89624.3,88354.21,NOISE,0.0,long,0.8,neutral,0.0,N/A,None,HOLD,neutral,0.0,NINGUNA,,,,⚠️ PROHIBIR_OPERAR,,,0.0
2026-01-03 09:59:59,89747.3,88368.07,NOISE,0.0,long,0.8,neutral,0.0,N/A,None,HOLD,neutral,0.0,NINGUNA,,,,⚠️ PROHIBIR_OPERAR,,,0.0
2026-01-03 10:59:59,89716.8,88381.49,NOISE,0.0,long,0.8,neutral,0.0,N/A,None,HOLD,neutral,0.0,NINGUNA,,,,⚠️ PROHIBIR_OPERAR,,,0.0
2026-01-03 11:59:59,89703.2,88394.64,NOISE,0.0,long,0.8,neutral,0.0,N/A,None,HOLD,neutral,0.0,NINGUNA,,,,⚠️ PROHIBIR_OPERAR,,,0.0
2026-01-03 12:59:59,89961.6,88410.24,NOISE,0.0,long,0.8,neutral,0.0,N/A,None,HOLD,neutral,0.0,NINGUNA,,,,⚠️ PROHIBIR_OPERAR,,,0.0
2026-01-03 13:59:59,89953.5,88425.59,NOISE,0.0,neutral,0.3,neutral,0.0,N/A,None,HOLD,neutral,0.0,NINGUNA,,,,⚠️ PROHIBIR_OPERAR,,,0.0
2026-01-03 14:59:59,90063.7,88441.89,NOISE,0.0,neutral,0.3,neutral,0.0,N/A,None,HOLD,neutral,0.0,NINGUNA,,,,⚠️ PROHIBIR_OPERAR,,,0.0
2026-01-03 15:59:59,89923.9,88456.64,NOISE,0.0,neutral,0.3,neutral,0.0,N/A,None,HOLD,neutral,0.0,NINGUNA,,,,⚠️ PROHIBIR_OPERAR,,,0.0
2026-01-03 16:59:59,90051.1,88472.5,NOISE,0.0,neutral,0.3,neutral,0.0,N/A,None,HOLD,neutral,0.0,NINGUNA,,,,⚠️ PROHIBIR_OPERAR,,,0.0
2026-01-03 17:59:59,90022.4,88487.93,NOISE,0.0,neutral,0.3,neutral,0.0,N/A,None,HOLD,neutral,0.0,NINGUNA,,,,⚠️ PROHIBIR_OPERAR,,,0.0
2026-01-03 18:59:59,90099.7,88503.96,NOISE,0.0,neutral,0.3,neutral,0.0,N/A,None,HOLD,neutral,0.0,NINGUNA,,,,⚠️ PROHIBIR_OPERAR,,,0.0
2026-01-03 19:59:59,90055.4,88519.4,NOISE,0.0,neutral,0.3,neutral,0.0,N/A,None,HOLD,neutral,0.0,NINGUNA,,,,⚠️ PROHIBIR_OPERAR,,,0.0
2026-01-03 20:59:59,90300.0,88537.12,NOISE,0.0,neutral,0.3,neutral,0.0,N/A,None,HOLD,neutral,0.0,NINGUNA,,,,⚠️ PROHIBIR_OPERAR,,,0.0
2026-01-03 21:59:59,90503.7,88556.69,NOISE,0.0,neutral,0.3,neutral,0.0,N/A,None,HOLD,neutral,0.0,NINGUNA,,,,⚠️ PROHIBIR_OPERAR,,,0.0
2026-01-03 22:59:59,90534.4,88576.36,NOISE,0.0,long,0.8,neutral,0.0,N/A,None,HOLD,neutral,0.0,NINGUNA,,,,⚠️ PROHIBIR_OPERAR,,,0.0
2026-01-03 23:59:59,90590.1,88596.4,NOISE,0.0,long,0.8,neutral,0.0,N/A,None,HOLD,neutral,0.0,NINGUNA,,,,⚠️ PROHIBIR_OPERAR,,,0.0
2026-01-04 00:59:59,91291.3,88623.22,NOISE,0.0,long,0.8,neutral,0.0,N/A,None,HOLD,neutral,0.0,NINGUNA,,,,⚠️ PROHIBIR_OPERAR,,,0.0
2026-01-04 01:59:59,91191.9,88648.78,NOISE,0.0,long,0.8,neutral,0.0,N/A,None,HOLD,neutral,0.0,NINGUNA,,,,⚠️ PROHIBIR_OPERAR,,,0.0
2026-01-04 02:59:59,91084.2,88673.01,NOISE,0.0,long,0.8,neutral,0.0,N/A,None,HOLD,neutral,0.0,NINGUNA,,,,⚠️ PROHIBIR_OPERAR,,,0.0
2026-01-04 03:59:59,91199.4,88698.15,NOISE,0.0,long,0.8,neutral,0.0,N/A,None,HOLD,neutral,0.0,NINGUNA,,,,⚠️ PROHIBIR_OPERAR,,,0.0
2026-01-04 04:59:59,91358.4,88724.62,NOISE,0.0,long,0.8,neutral,0.0,N/A,None,HOLD,neutral,0.0,NINGUNA,,,,⚠️ PROHIBIR_OPERAR,,,0.0
2026-01-04 05:59:59,91451.6,88751.75,NOISE,0.0,long,0.8,neutral,0.0,N/A,None,HOLD,neutral,0.0,NINGUNA,,,,⚠️ PROHIBIR_OPERAR,,,0.0
2026-01-04 06:59:59,91200.0,88776.11,NOISE,0.0,long,0.8,neutral,0.0,N/A,None,HOLD,neutral,0.0,NINGUNA,,,,⚠️ PROHIBIR_OPERAR,,,0.0
2026-01-04 07:59:59,91476.2,88802.98,NOISE,0.0,long,0.8,neutral,0.0,N/A,None,HOLD,neutral,0.0,NINGUNA,,,,⚠️ PROHIBIR_OPERAR,,,0.0
2026-01-04 08:59:59,91316.8,88827.99,NOISE,0.0,long,0.8,neutral,0.0,N/A,None,HOLD,neutral,0.0,NINGUNA,,,,⚠️ PROHIBIR_OPERAR,,,0.0
2026-01-04 09:59:59,91411.8,88853.7,NOISE,0.0,long,0.8,neutral,0.0,N/A,None,HOLD,neutral,0.0,NINGUNA,,,,⚠️ PROHIBIR_OPERAR,,,0.0
2026-01-04 10:59:59,91532.4,88880.35,NOISE,0.0,long,0.8,neutral,0.0,N/A,None,HOLD,neutral,0.0,NINGUNA,,,,⚠️ PROHIBIR_OPERAR,,,0.0
2026-01-04 11:59:59,91252.0,88903.95,NOISE,0.0,long,0.8,neutral,0.0,N/A,None,HOLD,neutral,0.0,NINGUNA,,,,⚠️ PROHIBIR_OPERAR,,,0.0
2026-01-04 12:59:59,91100.1,88925.81,NOISE,0.0,long,0.8,neutral,0.0,N/A,None,HOLD,neutral,0.0,NINGUNA,,,,⚠️ PROHIBIR_OPERAR,,,0.0
2026-01-04 13:59:59,91210.1,88948.53,NOISE,0.0,long,0.8,neutral,0.0,N/A,None,HOLD,neutral,0.0,NINGUNA,,,,⚠️ PROHIBIR_OPERAR,,,0.0
2026-01-04 14:59:59,91274.9,88971.68,NOISE,0.0,long,0.8,neutral,0.0,N/A,None,HOLD,neutral,0.0,NINGUNA,,,,⚠️ PROHIBIR_OPERAR,,,0.0
2026-01-04 15:59:59,91288.6,88994.74,NOISE,0.0,long,0.8,neutral,0.0,N/A,None,HOLD,neutral,0.0,NINGUNA,,,,⚠️ PROHIBIR_OPERAR,,,0.0
2026-01-04 16:59:59,91285.2,89017.53,NOISE,0.0,long,0.8,neutral,0.0,N/A,None,HOLD,neutral,0.0,NINGUNA,,,,⚠️ PROHIBIR_OPERAR,,,0.0
2026-01-04 17:59:59,91304.6,89040.28,NOISE,0.0,long,0.8,neutral,0.0,N/A,None,HOLD,neutral,0.0,NINGUNA,,,,⚠️ PROHIBIR_OPERAR,,,0.0
2026-01-04 18:59:59,91165.0,89061.43,NOISE,0.0,long,0.8,neutral,0.0,N/A,None,HOLD,neutral,0.0,NINGUNA,,,,⚠️ PROHIBIR_OPERAR,,,0.0
2026-01-04 19:59:59,91116.6,89081.88,NOISE,0.0,long,0.8,neutral,0.0,N/A,None,HOLD,neutral,0.0,NINGUNA,,,,⚠️ PROHIBIR_OPERAR,,,0.0
2026-01-04 20:59:59,91253.0,89103.48,NOISE,0.0,long,0.8,neutral,0.0,N/A,None,HOLD,neutral,0.0,NINGUNA,,,,⚠️ PROHIBIR_OPERAR,,,0.0
2026-01-04 21:59:59,91223.4,89124.57,NOISE,0.0,long,0.8,neutral,0.0,N/A,None,HOLD,neutral,0.0,NINGUNA,,,,⚠️ PROHIBIR_OPERAR,,,0.0
2026-01-04 22:59:59,91193.5,89145.16,NOISE,0.0,long,0.8,neutral,0.0,N/A,None,HOLD,neutral,0.0,NINGUNA,,,,⚠️ PROHIBIR_OPERAR,,,0.0
2026-01-04 23:59:59,91507.0,89168.66,NOISE,0.0,long,0.8,neutral,0.0,N/A,None,HOLD,neutral,0.0,NINGUNA,,,,⚠️ PROHIBIR_OPERAR,,,0.0
2026-01-05 00:59:59,92355.6,89200.37,NOISE,0.0,long,0.8,neutral,0.0,N/A,None,HOLD,neutral,0.0,NINGUNA,,,,⚠️ PROHIBIR_OPERAR,,,0.0
2026-01-05 01:59:59,92906.9,89237.25,NOISE,0.0,long,0.8,neutral,0.0,N/A,None,HOLD,neutral,0.0,NINGUNA,,,,⚠️ PROHIBIR_OPERAR,,,0.0
2026-01-05 02:59:59,92983.9,89274.53,NOISE,0.0,long,0.8,neutral,0.0,N/A,None,HOLD,neutral,0.0,NINGUNA,,,,⚠️ PROHIBIR_OPERAR,,,0.0
2026-01-05 03:59:59,92835.8,89309.97,RANGING,0.0,long,0.8,neutral,0.0,N/A,None,0.5,NEUTRAL,0.0,NINGUNA,,,,,,,0.0
2026-01-05 04:59:59,92566.3,89342.37,RANGING,0.0,long,0.8,neutral,0.0,N/A,None,0.5,NEUTRAL,0.0,NINGUNA,,,,,,,0.0
2026-01-05 05:59:59,92321.1,89372.01,RANGING,0.0,long,0.8,neutral,0.0,N/A,None,0.5,NEUTRAL,0.0,NINGUNA,,,,,,,0.0
2026-01-05 06:59:59,92440.2,89402.54,RANGING,0.0,long,0.8,neutral,0.0,N/A,None,0.5,NEUTRAL,0.0,NINGUNA,,,,,,,0.0
2026-01-05 07:59:59,92475.2,89433.11,RANGING,0.0,long,0.8,neutral,0.0,N/A,None,0.5,NEUTRAL,0.0,NINGUNA,,,,,,,0.0
2026-01-05 08:59:59,92402.1,89462.65,RANGING,0.0,long,0.8,neutral,0.0,N/A,None,0.5,NEUTRAL,0.0,NINGUNA,,,,,,,0.0
2026-01-05 09:59:59,92650.1,89494.37,NOISE,0.0,long,0.8,neutral,0.0,N/A,None,HOLD,neutral,0.0,NINGUNA,,,,⚠️ PROHIBIR_OPERAR,,,0.0
2026-01-05 10:59:59,93028.5,89529.53,NOISE,0.0,long,0.8,neutral,0.0,N/A,None,HOLD,neutral,0.0,NINGUNA,,,,⚠️ PROHIBIR_OPERAR,,,0.0
2026-01-05 11:59:59,93049.5,89564.56,NOISE,0.0,long,0.8,neutral,0.0,N/A,None,HOLD,neutral,0.0,NINGUNA,,,,⚠️ PROHIBIR_OPERAR,,,0.0
2026-01-05 12:59:59,92810.9,89596.86,NOISE,0.0,long,0.8,neutral,0.0,N/A,None,HOLD,neutral,0.0,NINGUNA,,,,⚠️ PROHIBIR_OPERAR,,,0.0
2026-01-05 13:59:59,92678.1,89627.52,RANGING,0.0,long,0.8,neutral,0.0,N/A,None,0.5,NEUTRAL,0.0,NINGUNA,,,,,,,0.0
2026-01-05 14:59:59,93361.8,89664.68,NOISE,0.0,long,0.8,neutral,0.0,N/A,None,HOLD,neutral,0.0,NINGUNA,,,,⚠️ PROHIBIR_OPERAR,,,0.0
2026-01-05 15:59:59,93937.0,89707.19,NOISE,0.0,long,0.8,neutral,0.0,N/A,None,HOLD,neutral,0.0,NINGUNA,,,,⚠️ PROHIBIR_OPERAR,,,0.0
2026-01-05 16:59:59,93680.7,89746.72,NOISE,0.0,long,0.8,neutral,0.0,N/A,None,HOLD,neutral,0.0,NINGUNA,,,,⚠️ PROHIBIR_OPERAR,,,0.0
2026-01-05 17:59:59,94308.8,89792.12,NOISE,0.0,long,0.8,neutral,0.0,N/A,None,HOLD,neutral,0.0,NINGUNA,,,,⚠️ PROHIBIR_OPERAR,,,0.0
2026-01-05 18:59:59,94450.0,89838.47,NOISE,0.0,long,0.8,neutral,0.0,N/A,None,HOLD,neutral,0.0,NINGUNA,,,,⚠️ PROHIBIR_OPERAR,,,0.0
2026-01-05 19:59:59,94288.1,89882.74,NOISE,0.0,long,0.8,neutral,0.0,N/A,None,HOLD,neutral,0.0,NINGUNA,,,,⚠️ PROHIBIR_OPERAR,,,0.0
2026-01-05 20:59:59,94169.9,89925.4,NOISE,0.0,long,0.8,neutral,0.0,N/A,None,HOLD,neutral,0.0,NINGUNA,,,,⚠️ PROHIBIR_OPERAR,,,0.0
2026-01-05 21:59:59,94088.5,89966.82,NOISE,0.0,long,0.8,neutral,0.0,N/A,None,HOLD,neutral,0.0,NINGUNA,,,,⚠️ PROHIBIR_OPERAR,,,0.0
2026-01-05 22:59:59,94176.8,90008.71,NOISE,0.0,long,0.8,neutral,0.0,N/A,None,HOLD,neutral,0.0,NINGUNA,,,,⚠️ PROHIBIR_OPERAR,,,0.0
2026-01-05 23:59:59,93866.9,90047.1,NOISE,0.0,long,0.8,neutral,0.0,N/A,None,HOLD,neutral,0.0,NINGUNA,,,,⚠️ PROHIBIR_OPERAR,,,0.0
2026-01-06 00:59:59,93812.5,90084.57,NOISE,0.0,long,0.8,neutral,0.0,N/A,None,HOLD,neutral,0.0,NINGUNA,,,,⚠️ PROHIBIR_OPERAR,,,0.0
2026-01-06 01:59:59,93759.9,90121.14,RANGING,0.0,long,0.8,neutral,0.0,N/A,None,0.5,NEUTRAL,0.0,NINGUNA,,,,,,,0.0
2026-01-06 02:59:59,93609.4,90155.85,NOISE,0.0,long,0.8,neutral,0.0,N/A,None,HOLD,neutral,0.0,NINGUNA,,,,⚠️ PROHIBIR_OPERAR,,,0.0
2026-01-06 03:59:59,93754.9,90191.66,RANGING,0.0,long,0.8,neutral,0.0,N/A,None,0.5,NEUTRAL,0.0,NINGUNA,,,,,,,0.0
2026-01-06 04:59:59,93795.2,90227.52,RANGING,0.0,long,0.8,neutral,0.0,N/A,None,0.5,NEUTRAL,0.0,NINGUNA,,,,,,,0.0
2026-01-06 05:59:59,93581.0,90260.88,RANGING,0.0,long,0.8,neutral,0.0,N/A,None,0.5,NEUTRAL,0.0,NINGUNA,,,,,,,0.0
2026-01-06 06:59:59,93761.1,90295.71,RANGING,0.0,long,0.8,neutral,0.0,N/A,None,0.5,NEUTRAL,0.0,NINGUNA,,,,,,,0.0
2026-01-06 07:59:59,93215.3,90324.76,NOISE,0.0,long,0.8,neutral,0.0,N/A,None,HOLD,neutral,0.0,NINGUNA,,,,⚠️ PROHIBIR_OPERAR,,,0.0
2026-01-06 08:59:59,93199.8,90353.37,NOISE,0.0,long,0.8,neutral,0.0,N/A,None,HOLD,neutral,0.0,NINGUNA,,,,⚠️ PROHIBIR_OPERAR,,,0.0
2026-01-06 09:59:59,93437.5,90384.06,NOISE,0.0,long,0.8,neutral,0.0,N/A,None,HOLD,neutral,0.0,NINGUNA,,,,⚠️ PROHIBIR_OPERAR,,,0.0
2026-01-06 10:59:59,93538.3,90415.44,NOISE,0.0,long,0.8,neutral,0.0,N/A,None,HOLD,neutral,0.0,NINGUNA,,,,⚠️ PROHIBIR_OPERAR,,,0.0
2026-01-06 11:59:59,93794.1,90449.06,NOISE,0.0,long,0.8,neutral,0.0,N/A,None,HOLD,neutral,0.0,NINGUNA,,,,⚠️ PROHIBIR_OPERAR,,,0.0
2026-01-06 12:59:59,93836.8,90482.77,NOISE,0.0,long,0.8,neutral,0.0,N/A,None,HOLD,neutral,0.0,NINGUNA,,,,⚠️ PROHIBIR_OPERAR,,,0.0
2026-01-06 13:59:59,93682.4,90514.61,NOISE,0.0,long,0.8,neutral,0.0,N/A,None,HOLD,neutral,0.0,NINGUNA,,,,⚠️ PROHIBIR_OPERAR,,,0.0
2026-01-06 14:59:59,93786.9,90547.17,NOISE,0.0,long,0.8,neutral,0.0,N/A,None,HOLD,neutral,0.0,NINGUNA,,,,⚠️ PROHIBIR_OPERAR,,,0.0
2026-01-06 15:59:59,93591.8,90577.46,RANGING,-0.2167,long,0.8,neutral,0.0,N/A,None,0.5,short,0.2167,NINGUNA,,,,,,,0.0
2026-01-06 16:59:59,92650.1,90598.09,NOISE,0.0,short,0.8,neutral,0.0,N/A,None,HOLD,neutral,0.0,NINGUNA,,,,⚠️ PROHIBIR_OPERAR,,,0.0
2026-01-06 17:59:59,91514.9,90607.21,NOISE,0.0,short,0.8,neutral,0.0,N/A,None,HOLD,neutral,0.0,NINGUNA,,,,⚠️ PROHIBIR_OPERAR,,,0.0
2026-01-06 18:59:59,91988.8,90620.96,NOISE,0.0,short,0.8,neutral,0.0,N/A,None,HOLD,neutral,0.0,NINGUNA,,,,⚠️ PROHIBIR_OPERAR,,,0.0
2026-01-06 19:59:59,92061.7,90635.29,TRENDING,0.0,short,0.8,neutral,0.0,N/A,None,0.5,NEUTRAL,0.0,NINGUNA,,,,,,,0.0
2026-01-06 20:59:59,92461.7,90653.47,NOISE,0.0,short,0.8,neutral,0.0,N/A,None,HOLD,neutral,0.0,NINGUNA,,,,⚠️ PROHIBIR_OPERAR,,,0.0
2026-01-06 21:59:59,93219.6,90679.0,NOISE,0.0,short,0.8,neutral,0.0,N/A,None,HOLD,neutral,0.0,NINGUNA,,,,⚠️ PROHIBIR_OPERAR,,,0.0
2026-01-06 22:59:59,93291.8,90705.0,NOISE,0.0,short,0.8,neutral,0.0,N/A,None,HOLD,neutral,0.0,NINGUNA,,,,⚠️ PROHIBIR_OPERAR,,,0.0
2026-01-06 23:59:59,93711.8,90734.92,TRENDING,0.0,long,0.8,neutral,0.0,N/A,None,0.5,NEUTRAL,0.0,NINGUNA,,,,,,,0.0
2026-01-07 00:59:59,92662.3,90754.09,NOISE,0.0,long,0.8,neutral,0.0,N/A,None,HOLD,neutral,0.0,NINGUNA,,,,⚠️ PROHIBIR_OPERAR,,,0.0
2026-01-07 01:59:59,92412.3,90770.59,NOISE,0.0,neutral,0.3,neutral,0.0,N/A,None,HOLD,neutral,0.0,NINGUNA,,,,⚠️ PROHIBIR_OPERAR,,,0.0
2026-01-07 02:59:59,92899.9,90791.78,NOISE,0.0,neutral,0.3,neutral,0.0,N/A,None,HOLD,neutral,0.0,NINGUNA,,,,⚠️ PROHIBIR_OPERAR,,,0.0
2026-01-07 03:59:59,92736.8,90811.13,NOISE,0.0,neutral,0.3,neutral,0.0,N/A,None,HOLD,neutral,0.0,NINGUNA,,,,⚠️ PROHIBIR_OPERAR,,,0.0
2026-01-07 04:59:59,92605.5,90828.99,NOISE,0.0,neutral,0.3,neutral,0.0,N/A,None,HOLD,neutral,0.0,NINGUNA,,,,⚠️ PROHIBIR_OPERAR,,,0.0
2026-01-07 05:59:59,92458.7,90845.2,NOISE,0.0,neutral,0.3,neutral,0.0,N/A,None,HOLD,neutral,0.0,NINGUNA,,,,⚠️ PROHIBIR_OPERAR,,,0.0
2026-01-07 06:59:59,92562.4,90862.29,NOISE,0.0,neutral,0.3,neutral,0.0,N/A,None,HOLD,neutral,0.0,NINGUNA,,,,⚠️ PROHIBIR_OPERAR,,,0.0
2026-01-07 07:59:59,92789.0,90881.46,NOISE,0.0,neutral,0.3,neutral,0.0,N/A,None,HOLD,neutral,0.0,NINGUNA,,,,⚠️ PROHIBIR_OPERAR,,,0.0
2026-01-07 08:59:59,92649.6,90899.05,NOISE,0.0,neutral,0.3,neutral,0.0,N/A,None,HOLD,neutral,0.0,NINGUNA,,,,⚠️ PROHIBIR_OPERAR,,,0.0
2026-01-07 09:59:59,91650.1,90906.53,NOISE,0.0,neutral,0.3,neutral,0.0,N/A,None,HOLD,neutral,0.0,NINGUNA,,,,⚠️ PROHIBIR_OPERAR,,,0.0
2026-01-07 10:59:59,91926.5,90916.68,NOISE,0.0,neutral,0.3,neutral,0.0,N/A,None,HOLD,neutral,0.0,NINGUNA,,,,⚠️ PROHIBIR_OPERAR,,,0.0
2026-01-07 11:59:59,92031.8,90927.77,NOISE,0.0,neutral,0.3,neutral,0.0,N/A,None,HOLD,neutral,0.0,NINGUNA,,,,⚠️ PROHIBIR_OPERAR,,,0.0
2026-01-07 12:59:59,91935.1,90937.8,NOISE,0.0,neutral,0.3,neutral,0.0,N/A,None,HOLD,neutral,0.0,NINGUNA,,,,⚠️ PROHIBIR_OPERAR,,,0.0
2026-01-07 13:59:59,91973.8,90948.1,NOISE,0.0,neutral,0.3,neutral,0.0,N/A,None,HOLD,neutral,0.0,NINGUNA,,,,⚠️ PROHIBIR_OPERAR,,,0.0
2026-01-07 14:59:59,91896.4,90957.54,NOISE,0.0,neutral,0.3,neutral,0.0,N/A,None,HOLD,neutral,0.0,NINGUNA,,,,⚠️ PROHIBIR_OPERAR,,,0.0
2026-01-07 15:59:59,91266.7,90960.62,NOISE,0.0,short,0.8,neutral,0.0,N/A,None,HOLD,neutral,0.0,NINGUNA,,,,⚠️ PROHIBIR_OPERAR,,,0.0
2026-01-07 16:59:59,91168.9,90962.69,NOISE,0.0,short,0.8,neutral,0.0,N/A,None,HOLD,neutral,0.0,NINGUNA,,,,⚠️ PROHIBIR_OPERAR,,,0.0
2026-01-07 17:59:59,91188.9,90964.94,NOISE,0.0,short,0.8,neutral,0.0,N/A,None,HOLD,neutral,0.0,NINGUNA,,,,⚠️ PROHIBIR_OPERAR,,,0.0
2026-01-07 18:59:59,90821.3,90963.51,NOISE,0.0,short,0.8,neutral,0.0,N/A,None,HOLD,neutral,0.0,NINGUNA,,,,⚠️ PROHIBIR_OPERAR,,,0.0
2026-01-07 19:59:59,91094.6,90964.81,NOISE,0.0,short,0.8,neutral,0.0,N/A,None,HOLD,neutral,0.0,NINGUNA,,,,⚠️ PROHIBIR_OPERAR,,,0.0
2026-01-07 20:59:59,90925.8,90964.43,NOISE,0.0,short,0.8,neutral,0.0,N/A,None,HOLD,neutral,0.0,NINGUNA,,,,⚠️ PROHIBIR_OPERAR,,,0.0
2026-01-07 21:59:59,91011.8,90964.9,NOISE,0.0,short,0.8,neutral,0.0,N/A,None,HOLD,neutral,0.0,NINGUNA,,,,⚠️ PROHIBIR_OPERAR,,,0.0
2026-01-07 22:59:59,91113.0,90966.37,NOISE,0.0,short,0.8,neutral,0.0,N/A,None,HOLD,neutral,0.0,NINGUNA,,,,⚠️ PROHIBIR_OPERAR,,,0.0
2026-01-07 23:59:59,91273.3,90969.43,NOISE,0.0,short,0.8,neutral,0.0,N/A,None,HOLD,neutral,0.0,NINGUNA,,,,⚠️ PROHIBIR_OPERAR,,,0.0
2026-01-08 00:59:59,91298.8,90972.7,NOISE,0.0,short,0.8,neutral,0.0,N/A,None,HOLD,neutral,0.0,NINGUNA,,,,⚠️ PROHIBIR_OPERAR,,,0.0
2026-01-08 01:59:59,91327.2,90976.23,NOISE,0.0,short,0.8,neutral,0.0,N/A,None,HOLD,neutral,0.0,NINGUNA,,,,⚠️ PROHIBIR_OPERAR,,,0.0
2026-01-08 02:59:59,90843.9,90974.91,NOISE,0.0,short,0.8,neutral,0.0,N/A,None,HOLD,neutral,0.0,NINGUNA,,,,⚠️ PROHIBIR_OPERAR,,,0.0
2026-01-08 03:59:59,90701.5,90972.19,NOISE,0.0,short,0.8,neutral,0.0,N/A,None,HOLD,neutral,0.0,NINGUNA,,,,⚠️ PROHIBIR_OPERAR,,,0.0
2026-01-08 04:59:59,90918.9,90971.66,NOISE,0.0,short,0.8,neutral,0.0,N/A,None,HOLD,neutral,0.0,NINGUNA,,,,⚠️ PROHIBIR_OPERAR,,,0.0
2026-01-08 05:59:59,90699.9,90968.96,NOISE,0.0,short,0.8,neutral,0.0,N/A,None,HOLD,neutral,0.0,NINGUNA,,,,⚠️ PROHIBIR_OPERAR,,,0.0
2026-01-08 06:59:59,89765.9,90956.99,NOISE,0.0,short,0.8,neutral,0.0,N/A,None,HOLD,neutral,0.0,NINGUNA,,,,⚠️ PROHIBIR_OPERAR,,,0.0
2026-01-08 07:59:59,90424.2,90951.69,NOISE,0.0,short,0.8,neutral,0.0,N/A,None,HOLD,neutral,0.0,NINGUNA,,,,⚠️ PROHIBIR_OPERAR,,,0.0
2026-01-08 08:59:59,90096.8,90943.18,NOISE,0.0,short,0.8,neutral,0.0,N/A,None,HOLD,neutral,0.0,NINGUNA,,,,⚠️ PROHIBIR_OPERAR,,,0.0
2026-01-08 09:59:59,89883.1,90932.63,NOISE,0.0,short,0.8,neutral,0.0,N/A,None,HOLD,neutral,0.0,NINGUNA,,,,⚠️ PROHIBIR_OPERAR,,,0.0
2026-01-08 10:59:59,90291.9,90926.26,NOISE,0.0,short,0.8,neutral,0.0,N/A,None,HOLD,neutral,0.0,NINGUNA,,,,⚠️ PROHIBIR_OPERAR,,,0.0
2026-01-08 11:59:59,90096.8,90918.0,NOISE,0.0,short,0.8,neutral,0.0,N/A,None,HOLD,neutral,0.0,NINGUNA,,,,⚠️ PROHIBIR_OPERAR,,,0.0
2026-01-08 12:59:59,89866.3,90907.54,NOISE,0.0,short,0.8,neutral,0.0,N/A,None,HOLD,neutral,0.0,NINGUNA,,,,⚠️ PROHIBIR_OPERAR,,,0.0
2026-01-08 13:59:59,89854.9,90897.06,NOISE,0.0,short,0.8,neutral,0.0,N/A,None,HOLD,neutral,0.0,NINGUNA,,,,⚠️ PROHIBIR_OPERAR,,,0.0
2026-01-08 14:59:59,89919.9,90887.34,NOISE,0.0,short,0.8,neutral,0.0,N/A,None,HOLD,neutral,0.0,NINGUNA,,,,⚠️ PROHIBIR_OPERAR,,,0.0
2026-01-08 15:59:59,90711.4,90885.59,NOISE,0.0,short,0.8,neutral,0.0,N/A,None,HOLD,neutral,0.0,NINGUNA,,,,⚠️ PROHIBIR_OPERAR,,,0.0
2026-01-08 16:59:59,90826.6,90885.0,NOISE,0.0,short,0.8,neutral,0.0,N/A,None,HOLD,neutral,0.0,NINGUNA,,,,⚠️ PROHIBIR_OPERAR,,,0.0
2026-01-08 17:59:59,91308.7,90889.22,NOISE,0.0,long,0.8,neutral,0.0,N/A,None,HOLD,neutral,0.0,NINGUNA,,,,⚠️ PROHIBIR_OPERAR,,,0.0
2026-01-08 18:59:59,91038.3,90890.7,NOISE,0.0,long,0.8,neutral,0.0,N/A,None,HOLD,neutral,0.0,NINGUNA,,,,⚠️ PROHIBIR_OPERAR,,,0.0
2026-01-08 19:59:59,90846.8,90890.27,NOISE,0.0,long,0.8,neutral,0.0,N/A,None,HOLD,neutral,0.0,NINGUNA,,,,⚠️ PROHIBIR_OPERAR,,,0.0
2026-01-08 20:59:59,90844.5,90889.81,NOISE,0.0,long,0.8,neutral,0.0,N/A,None,HOLD,neutral,0.0,NINGUNA,,,,⚠️ PROHIBIR_OPERAR,,,0.0
2026-01-08 21:59:59,91208.9,90892.99,NOISE,0.0,long,0.8,neutral,0.0,N/A,None,HOLD,neutral,0.0,NINGUNA,,,,⚠️ PROHIBIR_OPERAR,,,0.0
2026-01-08 22:59:59,91133.8,90895.38,NOISE,0.0,long,0.8,neutral,0.0,N/A,None,HOLD,neutral,0.0,NINGUNA,,,,⚠️ PROHIBIR_OPERAR,,,0.0
2026-01-08 23:59:59,91029.1,90896.71,NOISE,0.0,long,0.8,neutral,0.0,N/A,None,HOLD,neutral,0.0,NINGUNA,,,,⚠️ PROHIBIR_OPERAR,,,0.0
2026-01-09 00:59:59,91211.1,90899.84,TRENDING,0.0,long,0.8,neutral,0.0,N/A,None,0.5,NEUTRAL,0.0,NINGUNA,,,,,,,0.0
2026-01-09 01:59:59,90947.0,90900.31,NOISE,0.0,long,0.8,neutral,0.0,N/A,None,HOLD,neutral,0.0,NINGUNA,,,,⚠️ PROHIBIR_OPERAR,,,0.0
2026-01-09 02:59:59,90938.8,90900.69,NOISE,0.0,long,0.8,neutral,0.0,N/A,None,HOLD,neutral,0.0,NINGUNA,,,,⚠️ PROHIBIR_OPERAR,,,0.0
2026-01-09 03:59:59,91118.4,90902.86,NOISE,0.0,long,0.8,neutral,0.0,N/A,None,HOLD,neutral,0.0,NINGUNA,,,,⚠️ PROHIBIR_OPERAR,,,0.0
2026-01-09 04:59:59,90913.3,90902.96,NOISE,0.0,long,0.8,neutral,0.0,N/A,None,HOLD,neutral,0.0,NINGUNA,,,,⚠️ PROHIBIR_OPERAR,,,0.0
2026-01-09 05:59:59,90966.8,90903.6,NOISE,0.0,long,0.8,neutral,0.0,N/A,None,HOLD,neutral,0.0,NINGUNA,,,,⚠️ PROHIBIR_OPERAR,,,0.0
2026-01-09 06:59:59,91024.6,90904.8,NOISE,0.0,long,0.8,neutral,0.0,N/A,None,HOLD,neutral,0.0,NINGUNA,,,,⚠️ PROHIBIR_OPERAR,,,0.0
2026-01-09 07:59:59,90626.5,90902.03,NOISE,0.0,long,0.8,neutral,0.0,N/A,None,HOLD,neutral,0.0,NINGUNA,,,,⚠️ PROHIBIR_OPERAR,,,0.0
2026-01-09 08:59:59,89895.0,90892.01,NOISE,0.0,long,0.8,neutral,0.0,N/A,None,HOLD,neutral,0.0,NINGUNA,,,,⚠️ PROHIBIR_OPERAR,,,0.0
2026-01-09 09:59:59,90221.4,90885.34,NOISE,0.0,long,0.8,neutral,0.0,N/A,None,HOLD,neutral,0.0,NINGUNA,,,,⚠️ PROHIBIR_OPERAR,,,0.0
2026-01-09 10:59:59,90377.4,90880.29,NOISE,0.0,long,0.8,neutral,0.0,N/A,None,HOLD,neutral,0.0,NINGUNA,,,,⚠️ PROHIBIR_OPERAR,,,0.0
2026-01-09 11:59:59,90336.8,90874.88,NOISE,0.0,long,0.8,neutral,0.0,N/A,None,HOLD,neutral,0.0,NINGUNA,,,,⚠️ PROHIBIR_OPERAR,,,0.0
2026-01-09 12:59:59,90351.9,90869.67,NOISE,0.0,long,0.8,neutral,0.0,N/A,None,HOLD,neutral,0.0,NINGUNA,,,,⚠️ PROHIBIR_OPERAR,,,0.0
2026-01-09 13:59:59,90516.9,90866.16,RANGING,0.8,long,0.8,neutral,0.0,N/A,None,0.5,long,0.8,NINGUNA,,,,,,,0.0
2026-01-09 14:59:59,90054.9,90858.09,RANGING,0.8,long,0.8,neutral,0.0,N/A,None,0.5,long,0.8,NINGUNA,,,,,,,0.0
2026-01-09 15:59:59,91041.8,90859.92,NOISE,0.0,long,0.8,neutral,0.0,N/A,None,HOLD,neutral,0.0,NINGUNA,,,,⚠️ PROHIBIR_OPERAR,,,0.0
2026-01-09 16:59:59,91521.8,90866.51,NOISE,0.0,long,0.8,neutral,0.0,N/A,None,HOLD,neutral,0.0,NINGUNA,,,,⚠️ PROHIBIR_OPERAR,,,0.0
2026-01-09 17:59:59,91346.6,90871.28,RANGING,0.0,long,0.8,neutral,0.0,N/A,None,0.5,NEUTRAL,0.0,NINGUNA,,,,,,,0.0
2026-01-09 18:59:59,90722.0,90869.8,RANGING,0.8,long,0.8,neutral,0.0,N/A,None,0.5,long,0.8,NINGUNA,,,,,,,0.0
2026-01-09 19:59:59,90231.9,90863.45,RANGING,0.8,long,0.8,neutral,0.0,N/A,None,0.5,long,0.8,NINGUNA,,,,,,,0.0
2026-01-09 20:59:59,90188.0,90856.73,NOISE,0.0,neutral,0.3,neutral,0.0,N/A,None,HOLD,neutral,0.0,NINGUNA,,,,⚠️ PROHIBIR_OPERAR,,,0.0
2026-01-09 21:59:59,90414.4,90852.33,NOISE,0.0,neutral,0.3,neutral,0.0,N/A,None,HOLD,neutral,0.0,NINGUNA,,,,⚠️ PROHIBIR_OPERAR,,,0.0
2026-01-09 22:59:59,90495.6,90848.78,RANGING,0.0,neutral,0.3,neutral,0.0,N/A,None,0.5,NEUTRAL,0.0,NINGUNA,,,,,,,0.0
2026-01-09 23:59:59,90513.2,90845.44,RANGING,0.0,neutral,0.3,neutral,0.0,N/A,None,0.5,NEUTRAL,0.0,NINGUNA,,,,,,,0.0
2026-01-10 00:59:59,90436.1,90841.37,RANGING,0.0,neutral,0.3,neutral,0.0,N/A,None,0.5,NEUTRAL,0.0,NINGUNA,,,,,,,0.0
2026-01-10 01:59:59,90549.4,90838.46,RANGING,0.0,neutral,0.3,neutral,0.0,N/A,None,0.5,NEUTRAL,0.0,NINGUNA,,,,,,,0.0
2026-01-10 02:59:59,90540.0,90835.49,RANGING,0.0,neutral,0.3,neutral,0.0,N/A,None,0.5,NEUTRAL,0.0,NINGUNA,,,,,,,0.0
2026-01-10 03:59:59,90516.0,90832.31,RANGING,0.0,neutral,0.3,neutral,0.0,N/A,None,0.5,NEUTRAL,0.0,NINGUNA,,,,,,,0.0
2026-01-10 04:59:59,90321.7,90827.23,RANGING,0.0,neutral,0.3,neutral,0.0,N/A,None,0.5,NEUTRAL,0.0,NINGUNA,,,,,,,0.0
2026-01-10 05:59:59,90473.0,90823.71,RANGING,0.0,neutral,0.3,neutral,0.0,N/A,None,0.5,NEUTRAL,0.0,NINGUNA,,,,,,,0.0
2026-01-10 06:59:59,90370.4,90819.2,RANGING,0.0,neutral,0.3,neutral,0.0,N/A,None,0.5,NEUTRAL,0.0,NINGUNA,,,,,,,0.0
2026-01-10 07:59:59,90532.5,90816.34,RANGING,0.0,neutral,0.3,neutral,0.0,N/A,None,0.5,NEUTRAL,0.0,NINGUNA,,,,,,,0.0
2026-01-10 08:59:59,90510.0,90813.3,RANGING,0.0,neutral,0.3,neutral,0.0,N/A,None,0.5,NEUTRAL,0.0,NINGUNA,,,,,,,0.0
2026-01-10 09:59:59,90612.9,90811.3,RANGING,0.0,neutral,0.3,neutral,0.0,N/A,None,0.5,NEUTRAL,0.0,NINGUNA,,,,,,,0.0
2026-01-10 10:59:59,90699.7,90810.19,RANGING,0.0,neutral,0.3,neutral,0.0,N/A,None,0.5,NEUTRAL,0.0,NINGUNA,,,,,,,0.0
2026-01-10 11:59:59,90584.8,90807.95,RANGING,0.0,neutral,0.3,neutral,0.0,N/A,None,0.5,NEUTRAL,0.0,NINGUNA,,,,,,,0.0
2026-01-10 12:59:59,90598.8,90805.87,RANGING,0.0,neutral,0.3,neutral,0.0,N/A,None,0.5,NEUTRAL,0.0,NINGUNA,,,,,,,0.0
2026-01-10 13:59:59,90528.9,90803.11,RANGING,0.0,neutral,0.3,neutral,0.0,N/A,None,0.5,NEUTRAL,0.0,NINGUNA,,,,,,,0.0
2026-01-10 14:59:59,90444.4,90799.54,RANGING,0.0,neutral,0.3,neutral,0.0,N/A,None,0.5,NEUTRAL,0.0,NINGUNA,,,,,,,0.0
2026-01-10 15:59:59,90539.7,90796.96,RANGING,0.0,neutral,0.3,neutral,0.0,N/A,None,0.5,NEUTRAL,0.0,NINGUNA,,,,,,,0.0
2026-01-10 16:59:59,90552.0,90794.52,RANGING,0.7,neutral,0.3,neutral,0.0,N/A,None,0.5,long,0.7,NINGUNA,,,,,,,0.0
2026-01-10 17:59:59,90419.8,90790.79,RANGING,0.0,neutral,0.3,neutral,0.0,N/A,None,0.5,NEUTRAL,0.0,NINGUNA,,,,,,,0.0
2026-01-10 18:59:59,90452.6,90787.43,RANGING,0.0,neutral,0.3,neutral,0.0,N/A,None,0.5,NEUTRAL,0.0,NINGUNA,,,,,,,0.0
2026-01-10 19:59:59,90504.7,90784.61,NOISE,0.0,neutral,0.3,neutral,0.0,N/A,None,HOLD,neutral,0.0,NINGUNA,,,,⚠️ PROHIBIR_OPERAR,,,0.0
2026-01-10 20:59:59,90444.1,90781.22,NOISE,0.0,neutral,0.3,neutral,0.0,N/A,None,HOLD,neutral,0.0,NINGUNA,,,,⚠️ PROHIBIR_OPERAR,,,0.0
2026-01-10 21:59:59,90380.1,90777.23,NOISE,0.0,neutral,0.3,neutral,0.0,N/A,None,HOLD,neutral,0.0,NINGUNA,,,,⚠️ PROHIBIR_OPERAR,,,0.0
2026-01-10 22:59:59,90303.9,90772.52,NOISE,0.0,neutral,0.3,neutral,0.0,N/A,None,HOLD,neutral,0.0,NINGUNA,,,,⚠️ PROHIBIR_OPERAR,,,0.0
2026-01-10 23:59:59,90375.2,90768.57,NOISE,0.0,neutral,0.3,neutral,0.0,N/A,None,HOLD,neutral,0.0,NINGUNA,,,,⚠️ PROHIBIR_OPERAR,,,0.0
2026-01-11 00:59:59,90506.6,90765.96,NOISE,0.0,neutral,0.3,neutral,0.0,N/A,None,HOLD,neutral,0.0,NINGUNA,,,,⚠️ PROHIBIR_OPERAR,,,0.0
2026-01-11 01:59:59,90487.0,90763.19,NOISE,0.0,neutral,0.3,neutral,0.0,N/A,None,HOLD,neutral,0.0,NINGUNA,,,,⚠️ PROHIBIR_OPERAR,,,0.0
2026-01-11 02:59:59,90585.2,90761.42,NOISE,0.0,neutral,0.3,neutral,0.0,N/A,None,HOLD,neutral,0.0,NINGUNA,,,,⚠️ PROHIBIR_OPERAR,,,0.0
2026-01-11 03:59:59,90608.0,90759.89,NOISE,0.0,neutral,0.3,neutral,0.0,N/A,None,HOLD,neutral,0.0,NINGUNA,,,,⚠️ PROHIBIR_OPERAR,,,0.0
2026-01-11 04:59:59,90674.3,90759.04,NOISE,0.0,neutral,0.3,neutral,0.0,N/A,None,HOLD,neutral,0.0,NINGUNA,,,,⚠️ PROHIBIR_OPERAR,,,0.0
2026-01-11 05:59:59,90638.7,90757.84,RANGING,-0.025,neutral,0.3,neutral,0.0,N/A,None,0.5,neutral,0.025,NINGUNA,,,,,,,0.0
2026-01-11 06:59:59,90618.8,90756.46,NOISE,0.0,neutral,0.3,neutral,0.0,N/A,None,HOLD,neutral,0.0,NINGUNA,,,,⚠️ PROHIBIR_OPERAR,,,0.0
2026-01-11 07:59:59,90586.2,90754.76,NOISE,0.0,neutral,0.3,neutral,0.0,N/A,None,HOLD,neutral,0.0,NINGUNA,,,,⚠️ PROHIBIR_OPERAR,,,0.0
2026-01-11 08:59:59,90669.9,90753.92,NOISE,0.0,neutral,0.3,neutral,0.0,N/A,None,HOLD,neutral,0.0,NINGUNA,,,,⚠️ PROHIBIR_OPERAR,,,0.0
2026-01-11 09:59:59,90615.4,90752.54,RANGING,0.0,neutral,0.3,neutral,0.0,N/A,None,0.5,NEUTRAL,0.0,NINGUNA,,,,,,,0.0
2026-01-11 10:59:59,90605.1,90751.07,NOISE,0.0,neutral,0.3,neutral,0.0,N/A,None,HOLD,neutral,0.0,NINGUNA,,,,⚠️ PROHIBIR_OPERAR,,,0.0
2026-01-11 11:59:59,90605.6,90749.63,RANGING,0.0,neutral,0.3,neutral,0.0,N/A,None,0.5,NEUTRAL,0.0,NINGUNA,,,,,,,0.0
2026-01-11 12:59:59,90828.1,90750.41,RANGING,0.25,neutral,0.3,neutral,0.0,N/A,None,0.5,long,0.25,NINGUNA,,,,,,,0.0
2026-01-11 13:59:59,90750.9,90750.41,RANGING,-0.8,neutral,0.3,neutral,0.0,N/A,None,0.5,short,0.8,NINGUNA,,,,,,,0.0
2026-01-11 14:59:59,91015.9,90753.05,RANGING,-0.05,neutral,0.3,neutral,0.0,N/A,None,0.5,neutral,0.05,NINGUNA,,,,,,,0.0
2026-01-11 15:59:59,90749.8,90753.02,RANGING,0.0,neutral,0.3,neutral,0.0,N/A,None,0.5,neutral,0.0,NINGUNA,,,,,,,0.0
2026-01-11 16:59:59,90914.1,90754.62,RANGING,0.7,neutral,0.3,neutral,0.0,N/A,None,0.5,long,0.7,NINGUNA,,,,,,,0.0
2026-01-11 17:59:59,90854.4,90755.62,RANGING,0.0,neutral,0.3,neutral,0.0,N/A,None,0.5,NEUTRAL,0.0,NINGUNA,,,,,,,0.0
2026-01-11 18:59:59,90755.8,90755.62,RANGING,0.0,neutral,0.3,neutral,0.0,N/A,None,0.5,NEUTRAL,0.0,NINGUNA,,,,,,,0.0
2026-01-11 19:59:59,90576.0,90753.83,RANGING,0.0,neutral,0.3,neutral,0.0,N/A,None,0.5,NEUTRAL,0.0,NINGUNA,,,,,,,0.0
2026-01-11 20:59:59,90577.1,90752.07,RANGING,0.025,neutral,0.3,neutral,0.0,N/A,None,0.5,neutral,0.025,NINGUNA,,,,,,,0.0
2026-01-11 21:59:59,90611.3,90750.67,RANGING,0.0,neutral,0.3,neutral,0.0,N/A,None,0.5,NEUTRAL,0.0,NINGUNA,,,,,,,0.0
2026-01-11 22:59:59,90413.4,90747.32,RANGING,0.0,neutral,0.3,neutral,0.0,N/A,None,0.5,NEUTRAL,0.0,NINGUNA,,,,,,,0.0
2026-01-11 23:59:59,90849.8,90748.34,RANGING,0.3,neutral,0.3,neutral,0.0,N/A,None,0.5,long,0.3,NINGUNA,,,,,,,0.0
2026-01-12 00:59:59,91099.5,90751.83,RANGING,-0.05,neutral,0.3,neutral,0.0,N/A,None,0.5,neutral,0.05,NINGUNA,,,,,,,0.0
2026-01-12 01:59:59,91280.1,90757.09,RANGING,-0.05,neutral,0.3,neutral,0.0,N/A,None,0.5,neutral,0.05,NINGUNA,,,,,,,0.0
2026-01-12 02:59:59,92095.6,90770.4,RANGING,0.2,neutral,0.3,neutral,0.0,N/A,None,0.5,long,0.2,NINGUNA,,,,,,,0.0
2026-01-12 03:59:59,91674.4,90779.4,RANGING,-0.025,neutral,0.3,neutral,0.0,N/A,None,0.5,neutral,0.025,NINGUNA,,,,,,,0.0
2026-01-12 04:59:59,92036.3,90791.91,RANGING,0.0,long,0.8,neutral,0.0,N/A,None,0.5,NEUTRAL,0.0,NINGUNA,,,,,,,0.0
2026-01-12 05:59:59,91970.3,90803.63,RANGING,0.0,long,0.8,neutral,0.0,N/A,None,0.5,NEUTRAL,0.0,NINGUNA,,,,,,,0.0
2026-01-12 06:59:59,91699.2,90812.54,RANGING,0.8,long,0.8,neutral,0.0,N/A,None,0.5,long,0.8,NINGUNA,,,,,,,0.0
2026-01-12 07:59:59,91296.1,90817.35,RANGING,0.0,long,0.8,neutral,0.0,N/A,None,0.5,NEUTRAL,0.0,NINGUNA,,,,,,,0.0
2026-01-12 08:59:59,90628.5,90815.48,RANGING,-0.75,short,0.8,neutral,0.0,N/A,None,0.5,short,0.75,NINGUNA,,,,,,,0.0
2026-01-12 09:59:59,90558.0,90812.91,RANGING,0.0,short,0.8,neutral,0.0,N/A,None,0.5,NEUTRAL,0.0,NINGUNA,,,,,,,0.0
2026-01-12 10:59:59,90308.7,90807.9,RANGING,-0.75,short,0.8,neutral,0.0,N/A,None,0.5,short,0.75,NINGUNA,,,,,,,0.0
2026-01-12 11:59:59,90520.4,90805.04,RANGING,0.0,short,0.8,neutral,0.0,N/A,None,0.5,NEUTRAL,0.0,NINGUNA,,,,,,,0.0
2026-01-12 12:59:59,90659.4,90803.59,RANGING,0.0,short,0.8,neutral,0.0,N/A,None,0.5,NEUTRAL,0.0,NINGUNA,,,,,,,0.0
2026-01-12 13:59:59,90500.0,90800.57,RANGING,-0.75,short,0.8,neutral,0.0,N/A,None,0.5,short,0.75,NINGUNA,,,,,,,0.0
2026-01-12 14:59:59,90808.4,90800.64,RANGING,-0.2167,short,0.8,neutral,0.0,N/A,None,0.5,short,0.2167,NINGUNA,,,,,,,0.0
2026-01-12 15:59:59,91565.4,90808.25,NOISE,0.0,short,0.8,neutral,0.0,N/A,None,HOLD,neutral,0.0,NINGUNA,,,,⚠️ PROHIBIR_OPERAR,,,0.0
2026-01-12 16:59:59,92052.1,90820.63,NOISE,0.0,long,0.8,neutral,0.0,N/A,None,HOLD,neutral,0.0,NINGUNA,,,,⚠️ PROHIBIR_OPERAR,,,0.0
2026-01-12 17:59:59,91422.4,90826.62,RANGING,0.75,long,0.8,neutral,0.0,N/A,None,0.5,long,0.75,NINGUNA,,,,,,,0.0
2026-01-12 18:59:59,91626.2,90834.57,RANGING,0.0,long,0.8,neutral,0.0,N/A,None,0.5,NEUTRAL,0.0,NINGUNA,,,,,,,0.0
2026-01-12 19:59:59,91781.5,90844.0,RANGING,0.0,long,0.8,neutral,0.0,N/A,None,0.5,NEUTRAL,0.0,NINGUNA,,,,,,,0.0
2026-01-12 20:59:59,91400.1,90849.53,RANGING,0.0,neutral,0.3,neutral,0.0,N/A,None,0.5,NEUTRAL,0.0,NINGUNA,,,,,,,0.0
2026-01-12 21:59:59,90964.9,90850.68,RANGING,0.0,neutral,0.3,neutral,0.0,N/A,None,0.5,NEUTRAL,0.0,NINGUNA,,,,,,,0.0
2026-01-12 22:59:59,91152.0,90853.68,RANGING,0.0,neutral,0.3,neutral,0.0,N/A,None,0.5,NEUTRAL,0.0,NINGUNA,,,,,,,0.0
2026-01-12 23:59:59,91190.9,90857.03,RANGING,0.0,neutral,0.3,neutral,0.0,N/A,None,0.5,NEUTRAL,0.0,NINGUNA,,,,,,,0.0
2026-01-13 00:59:59,91394.0,90862.37,RANGING,0.0,neutral,0.3,neutral,0.0,N/A,None,0.5,NEUTRAL,0.0,NINGUNA,,,,,,,0.0
2026-01-13 01:59:59,91078.0,90864.52,RANGING,0.0,neutral,0.3,neutral,0.0,N/A,None,0.5,NEUTRAL,0.0,NINGUNA,,,,,,,0.0
2026-01-13 02:59:59,91020.3,90866.07,RANGING,0.0,neutral,0.3,neutral,0.0,N/A,None,0.5,NEUTRAL,0.0,NINGUNA,,,,,,,0.0
2026-01-13 03:59:59,91295.3,90870.34,RANGING,0.0,neutral,0.3,neutral,0.0,N/A,None,0.5,NEUTRAL,0.0,NINGUNA,,,,,,,0.0
2026-01-13 04:59:59,91400.5,90875.62,RANGING,0.0,neutral,0.3,neutral,0.0,N/A,None,0.5,NEUTRAL,0.0,NINGUNA,,,,,,,0.0
2026-01-13 05:59:59,91808.8,90884.9,RANGING,0.0,neutral,0.3,neutral,0.0,N/A,None,0.5,NEUTRAL,0.0,NINGUNA,,,,,,,0.0
2026-01-13 06:59:59,92092.0,90896.91,RANGING,0.0,neutral,0.3,neutral,0.0,N/A,None,0.5,NEUTRAL,0.0,NINGUNA,,,,,,,0.0
2026-01-13 07:59:59,91846.4,90906.36,RANGING,0.0,neutral,0.3,neutral,0.0,N/A,None,0.5,NEUTRAL,0.0,NINGUNA,,,,,,,0.0
2026-01-13 08:59:59,92067.7,90917.92,RANGING,0.0,neutral,0.3,neutral,0.0,N/A,None,0.5,NEUTRAL,0.0,NINGUNA,,,,,,,0.0
2026-01-13 09:59:59,92158.2,90930.26,RANGING,0.7,neutral,0.3,neutral,0.0,N/A,None,0.5,long,0.7,NINGUNA,,,,,,,0.0
2026-01-13 10:59:59,92040.8,90941.31,RANGING,0.0,neutral,0.3,neutral,0.0,N/A,None,0.5,NEUTRAL,0.0,NINGUNA,,,,,,,0.0
2026-01-13 11:59:59,91891.9,90950.77,NOISE,0.0,neutral,0.3,neutral,0.0,N/A,None,HOLD,neutral,0.0,NINGUNA,,,,⚠️ PROHIBIR_OPERAR,,,0.0
2026-01-13 12:59:59,92006.1,90961.27,RANGING,0.0,neutral,0.3,neutral,0.0,N/A,None,0.5,NEUTRAL,0.0,NINGUNA,,,,,,,0.0
2026-01-13 13:59:59,91976.9,90971.37,RANGING,0.8,long,0.8,neutral,0.0,N/A,None,0.5,long,0.8,NINGUNA,,,,,,,0.0
2026-01-13 14:59:59,92403.8,90985.62,NOISE,0.0,long,0.8,neutral,0.0,N/A,None,HOLD,neutral,0.0,NINGUNA,,,,⚠️ PROHIBIR_OPERAR,,,0.0
2026-01-13 15:59:59,93386.4,91009.51,NOISE,0.0,long,0.8,neutral,0.0,N/A,None,HOLD,neutral,0.0,NINGUNA,,,,⚠️ PROHIBIR_OPERAR,,,0.0
2026-01-13 16:59:59,93353.4,91032.84,NOISE,0.0,long,0.8,neutral,0.0,N/A,None,HOLD,neutral,0.0,NINGUNA,,,,⚠️ PROHIBIR_OPERAR,,,0.0
2026-01-13 17:59:59,93200.0,91054.4,NOISE,0.0,long,0.8,neutral,0.0,N/A,None,HOLD,neutral,0.0,NINGUNA,,,,⚠️ PROHIBIR_OPERAR,,,0.0
2026-01-13 18:59:59,93599.6,91079.72,NOISE,0.0,long,0.8,neutral,0.0,N/A,None,HOLD,neutral,0.0,NINGUNA,,,,⚠️ PROHIBIR_OPERAR,,,0.0
2026-01-13 19:59:59,94200.0,91110.77,NOISE,0.0,long,0.8,neutral,0.0,N/A,None,HOLD,neutral,0.0,NINGUNA,,,,⚠️ PROHIBIR_OPERAR,,,0.0
2026-01-13 20:59:59,94433.0,91143.83,NOISE,0.0,long,0.8,neutral,0.0,N/A,None,HOLD,neutral,0.0,NINGUNA,,,,⚠️ PROHIBIR_OPERAR,,,0.0
2026-01-13 21:59:59,94069.4,91172.94,NOISE,0.0,long,0.8,neutral,0.0,N/A,None,HOLD,neutral,0.0,NINGUNA,,,,⚠️ PROHIBIR_OPERAR,,,0.0
2026-01-13 22:59:59,95656.1,91217.55,NOISE,0.0,long,0.8,neutral,0.0,N/A,None,HOLD,neutral,0.0,NINGUNA,,,,⚠️ PROHIBIR_OPERAR,,,0.0
2026-01-13 23:59:59,95358.1,91258.75,NOISE,0.0,long,0.8,neutral,0.0,N/A,None,HOLD,neutral,0.0,NINGUNA,,,,⚠️ PROHIBIR_OPERAR,,,0.0
2026-01-14 00:59:59,95207.5,91298.04,NOISE,0.0,long,0.8,neutral,0.0,N/A,None,HOLD,neutral,0.0,NINGUNA,,,,⚠️ PROHIBIR_OPERAR,,,0.0
2026-01-14 01:59:59,95202.5,91336.89,NOISE,0.0,long,0.8,neutral,0.0,N/A,None,HOLD,neutral,0.0,NINGUNA,,,,⚠️ PROHIBIR_OPERAR,,,0.0
2026-01-14 02:59:59,95282.1,91376.14,NOISE,0.0,long,0.8,neutral,0.0,N/A,None,HOLD,neutral,0.0,NINGUNA,,,,⚠️ PROHIBIR_OPERAR,,,0.0
2026-01-14 03:59:59,95650.3,91418.67,NOISE,0.0,long,0.8,neutral,0.0,N/A,None,HOLD,neutral,0.0,NINGUNA,,,,⚠️ PROHIBIR_OPERAR,,,0.0
2026-01-14 04:59:59,95185.2,91456.15,NOISE,0.0,long,0.8,neutral,0.0,N/A,None,HOLD,neutral,0.0,NINGUNA,,,,⚠️ PROHIBIR_OPERAR,,,0.0
2026-01-14 05:59:59,94977.9,91491.19,NOISE,0.0,long,0.8,neutral,0.0,N/A,None,HOLD,neutral,0.0,NINGUNA,,,,⚠️ PROHIBIR_OPERAR,,,0.0
2026-01-14 06:59:59,94992.3,91526.03,NOISE,0.0,long,0.8,neutral,0.0,N/A,None,HOLD,neutral,0.0,NINGUNA,,,,⚠️ PROHIBIR_OPERAR,,,0.0
2026-01-14 07:59:59,95172.6,91562.31,NOISE,0.0,long,0.8,neutral,0.0,N/A,None,HOLD,neutral,0.0,NINGUNA,,,,⚠️ PROHIBIR_OPERAR,,,0.0
2026-01-14 08:59:59,94856.9,91595.1,NOISE,0.0,long,0.8,neutral,0.0,N/A,None,HOLD,neutral,0.0,NINGUNA,,,,⚠️ PROHIBIR_OPERAR,,,0.0
2026-01-14 09:59:59,95049.6,91629.47,NOISE,0.0,long,0.8,neutral,0.0,N/A,None,HOLD,neutral,0.0,NINGUNA,,,,⚠️ PROHIBIR_OPERAR,,,0.0
2026-01-14 10:59:59,95051.5,91663.52,NOISE,0.0,long,0.8,neutral,0.0,N/A,None,HOLD,neutral,0.0,NINGUNA,,,,⚠️ PROHIBIR_OPERAR,,,0.0
2026-01-14 11:59:59,94729.5,91694.03,NOISE,0.0,long,0.8,neutral,0.0,N/A,None,HOLD,neutral,0.0,NINGUNA,,,,⚠️ PROHIBIR_OPERAR,,,0.0
2026-01-14 12:59:59,95030.4,91727.22,NOISE,0.0,long,0.8,neutral,0.0,N/A,None,HOLD,neutral,0.0,NINGUNA,,,,⚠️ PROHIBIR_OPERAR,,,0.0
2026-01-14 13:59:59,94955.8,91759.35,NOISE,0.0,long,0.8,neutral,0.0,N/A,None,HOLD,neutral,0.0,NINGUNA,,,,⚠️ PROHIBIR_OPERAR,,,0.0
2026-01-14 14:59:59,96484.3,91806.36,NOISE,0.0,long,0.8,neutral,0.0,N/A,None,HOLD,neutral,0.0,NINGUNA,,,,⚠️ PROHIBIR_OPERAR,,,0.0
2026-01-14 15:59:59,96747.8,91855.53,NOISE,0.0,long,0.8,neutral,0.0,N/A,None,HOLD,neutral,0.0,NINGUNA,,,,⚠️ PROHIBIR_OPERAR,,,0.0
2026-01-14 16:59:59,97299.9,91909.71,NOISE,0.0,long,0.8,neutral,0.0,N/A,None,HOLD,neutral,0.0,NINGUNA,,,,⚠️ PROHIBIR_OPERAR,,,0.0
2026-01-14 17:59:59,96963.6,91959.99,NOISE,0.0,long,0.8,neutral,0.0,N/A,None,HOLD,neutral,0.0,NINGUNA,,,,⚠️ PROHIBIR_OPERAR,,,0.0
2026-01-14 18:59:59,96805.3,92008.21,NOISE,0.0,long,0.8,neutral,0.0,N/A,None,HOLD,neutral,0.0,NINGUNA,,,,⚠️ PROHIBIR_OPERAR,,,0.0
2026-01-14 19:59:59,97242.8,92060.29,NOISE,0.0,long,0.8,neutral,0.0,N/A,None,HOLD,neutral,0.0,NINGUNA,,,,⚠️ PROHIBIR_OPERAR,,,0.0
2026-01-14 20:59:59,97670.9,92116.12,NOISE,0.0,long,0.8,neutral,0.0,N/A,None,HOLD,neutral,0.0,NINGUNA,,,,⚠️ PROHIBIR_OPERAR,,,0.0
2026-01-14 21:59:59,97546.2,92170.15,NOISE,0.0,long,0.8,neutral,0.0,N/A,None,HOLD,neutral,0.0,NINGUNA,,,,⚠️ PROHIBIR_OPERAR,,,0.0
2026-01-14 22:59:59,96904.4,92217.26,NOISE,0.0,long,0.8,neutral,0.0,N/A,None,HOLD,neutral,0.0,NINGUNA,,,,⚠️ PROHIBIR_OPERAR,,,0.0
2026-01-14 23:59:59,96933.3,92264.18,NOISE,0.0,long,0.8,neutral,0.0,N/A,None,HOLD,neutral,0.0,NINGUNA,,,,⚠️ PROHIBIR_OPERAR,,,0.0
2026-01-15 00:59:59,96624.7,92307.57,NOISE,0.0,long,0.8,neutral,0.0,N/A,None,HOLD,neutral,0.0,NINGUNA,,,,⚠️ PROHIBIR_OPERAR,,,0.0
2026-01-15 01:59:59,96437.7,92348.67,NOISE,0.0,long,0.8,neutral,0.0,N/A,None,HOLD,neutral,0.0,NINGUNA,,,,⚠️ PROHIBIR_OPERAR,,,0.0
2026-01-15 02:59:59,96299.9,92387.98,NOISE,0.0,long,0.8,neutral,0.0,N/A,None,HOLD,neutral,0.0,NINGUNA,,,,⚠️ PROHIBIR_OPERAR,,,0.0
2026-01-15 03:59:59,95937.9,92423.3,NOISE,0.0,long,0.8,neutral,0.0,N/A,None,HOLD,neutral,0.0,NINGUNA,,,,⚠️ PROHIBIR_OPERAR,,,0.0
2026-01-15 04:59:59,96257.6,92461.46,NOISE,0.0,long,0.8,neutral,0.0,N/A,None,HOLD,neutral,0.0,NINGUNA,,,,⚠️ PROHIBIR_OPERAR,,,0.0
2026-01-15 05:59:59,96396.7,92500.61,NOISE,0.0,long,0.8,neutral,0.0,N/A,None,HOLD,neutral,0.0,NINGUNA,,,,⚠️ PROHIBIR_OPERAR,,,0.0
2026-01-15 06:59:59,96226.9,92537.69,NOISE,0.0,long,0.8,neutral,0.0,N/A,None,HOLD,neutral,0.0,NINGUNA,,,,⚠️ PROHIBIR_OPERAR,,,0.0
2026-01-15 07:59:59,96566.3,92577.78,NOISE,0.0,long,0.8,neutral,0.0,N/A,None,HOLD,neutral,0.0,NINGUNA,,,,⚠️ PROHIBIR_OPERAR,,,0.0
2026-01-15 08:59:59,96625.2,92618.05,NOISE,0.0,long,0.8,neutral,0.0,N/A,None,HOLD,neutral,0.0,NINGUNA,,,,⚠️ PROHIBIR_OPERAR,,,0.0
2026-01-15 09:59:59,97030.6,92661.95,NOISE,0.0,long,0.8,neutral,0.0,N/A,None,HOLD,neutral,0.0,NINGUNA,,,,⚠️ PROHIBIR_OPERAR,,,0.0
2026-01-15 10:59:59,96800.1,92703.13,NOISE,0.0,long,0.8,neutral,0.0,N/A,None,HOLD,neutral,0.0,NINGUNA,,,,⚠️ PROHIBIR_OPERAR,,,0.0
2026-01-15 11:59:59,96569.8,92741.6,NOISE,0.0,long,0.8,neutral,0.0,N/A,None,HOLD,neutral,0.0,NINGUNA,,,,⚠️ PROHIBIR_OPERAR,,,0.0
2026-01-15 12:59:59,96962.1,92783.6,NOISE,0.0,long,0.8,neutral,0.0,N/A,None,HOLD,neutral,0.0,NINGUNA,,,,⚠️ PROHIBIR_OPERAR,,,0.0
2026-01-15 13:59:59,96822.3,92823.79,NOISE,0.0,long,0.8,neutral,0.0,N/A,None,HOLD,neutral,0.0,NINGUNA,,,,⚠️ PROHIBIR_OPERAR,,,0.0
2026-01-15 14:59:59,96034.8,92855.74,NOISE,0.0,long,0.8,neutral,0.0,N/A,None,HOLD,neutral,0.0,NINGUNA,,,,⚠️ PROHIBIR_OPERAR,,,0.0
2026-01-15 15:59:59,96712.5,92894.11,NOISE,0.0,long,0.8,neutral,0.0,N/A,None,HOLD,neutral,0.0,NINGUNA,,,,⚠️ PROHIBIR_OPERAR,,,0.0
2026-01-15 16:59:59,96711.8,92932.1,NOISE,0.0,long,0.8,neutral,0.0,N/A,None,HOLD,neutral,0.0,NINGUNA,,,,⚠️ PROHIBIR_OPERAR,,,0.0
2026-01-15 17:59:59,96592.5,92968.52,NOISE,0.0,long,0.8,neutral,0.0,N/A,None,HOLD,neutral,0.0,NINGUNA,,,,⚠️ PROHIBIR_OPERAR,,,0.0
2026-01-15 18:59:59,95801.8,92996.71,NOISE,0.0,long,0.8,neutral,0.0,N/A,None,HOLD,neutral,0.0,NINGUNA,,,,⚠️ PROHIBIR_OPERAR,,,0.0
2026-01-15 19:59:59,95481.6,93021.44,NOISE,0.0,long,0.8,neutral,0.0,N/A,None,HOLD,neutral,0.0,NINGUNA,,,,⚠️ PROHIBIR_OPERAR,,,0.0
2026-01-15 20:59:59,95175.9,93042.88,NOISE,0.0,short,0.8,neutral,0.0,N/A,None,HOLD,neutral,0.0,NINGUNA,,,,⚠️ PROHIBIR_OPERAR,,,0.0
2026-01-15 21:59:59,95556.9,93067.89,NOISE,0.0,short,0.8,neutral,0.0,N/A,None,HOLD,neutral,0.0,NINGUNA,,,,⚠️ PROHIBIR_OPERAR,,,0.0
2026-01-15 22:59:59,95539.4,93092.48,NOISE,0.0,short,0.8,neutral,0.0,N/A,None,HOLD,neutral,0.0,NINGUNA,,,,⚠️ PROHIBIR_OPERAR,,,0.0
2026-01-15 23:59:59,95559.4,93117.03,NOISE,0.0,short,0.8,neutral,0.0,N/A,None,HOLD,neutral,0.0,NINGUNA,,,,⚠️ PROHIBIR_OPERAR,,,0.0
2026-01-16 00:59:59,95584.9,93141.58,NOISE,0.0,short,0.8,neutral,0.0,N/A,None,HOLD,neutral,0.0,NINGUNA,,,,⚠️ PROHIBIR_OPERAR,,,0.0
2026-01-16 01:59:59,95629.8,93166.34,NOISE,0.0,short,0.8,neutral,0.0,N/A,None,HOLD,neutral,0.0,NINGUNA,,,,⚠️ PROHIBIR_OPERAR,,,0.0
2026-01-16 02:59:59,95460.0,93189.17,NOISE,0.0,short,0.8,neutral,0.0,N/A,None,HOLD,neutral,0.0,NINGUNA,,,,⚠️ PROHIBIR_OPERAR,,,0.0
2026-01-16 03:59:59,95311.4,93210.28,NOISE,0.0,short,0.8,neutral,0.0,N/A,None,HOLD,neutral,0.0,NINGUNA,,,,⚠️ PROHIBIR_OPERAR,,,0.0
2026-01-16 04:59:59,95216.3,93230.24,NOISE,0.0,short,0.8,neutral,0.0,N/A,None,HOLD,neutral,0.0,NINGUNA,,,,⚠️ PROHIBIR_OPERAR,,,0.0
2026-01-16 05:59:59,95609.3,93253.91,NOISE,0.0,short,0.8,neutral,0.0,N/A,None,HOLD,neutral,0.0,NINGUNA,,,,⚠️ PROHIBIR_OPERAR,,,0.0
2026-01-16 06:59:59,95713.5,93278.39,NOISE,0.0,short,0.8,neutral,0.0,N/A,None,HOLD,neutral,0.0,NINGUNA,,,,⚠️ PROHIBIR_OPERAR,,,0.0
2026-01-16 07:59:59,95632.6,93301.81,NOISE,0.0,short,0.8,neutral,0.0,N/A,None,HOLD,neutral,0.0,NINGUNA,,,,⚠️ PROHIBIR_OPERAR,,,0.0
2026-01-16 08:59:59,95638.3,93325.06,NOISE,0.0,short,0.8,neutral,0.0,N/A,None,HOLD,neutral,0.0,NINGUNA,,,,⚠️ PROHIBIR_OPERAR,,,0.0
2026-01-16 09:59:59,95581.4,93347.51,NOISE,0.0,short,0.8,neutral,0.0,N/A,None,HOLD,neutral,0.0,NINGUNA,,,,⚠️ PROHIBIR_OPERAR,,,0.0
2026-01-16 10:59:59,95274.1,93366.68,NOISE,0.0,short,0.8,neutral,0.0,N/A,None,HOLD,neutral,0.0,NINGUNA,,,,⚠️ PROHIBIR_OPERAR,,,0.0
2026-01-16 11:59:59,95396.0,93386.88,NOISE,0.0,short,0.8,neutral,0.0,N/A,None,HOLD,neutral,0.0,NINGUNA,,,,⚠️ PROHIBIR_OPERAR,,,0.0
2026-01-16 12:59:59,95417.8,93407.08,NOISE,0.0,short,0.8,neutral,0.0,N/A,None,HOLD,neutral,0.0,NINGUNA,,,,⚠️ PROHIBIR_OPERAR,,,0.0
2026-01-16 13:59:59,95406.7,93426.98,NOISE,0.0,short,0.8,neutral,0.0,N/A,None,HOLD,neutral,0.0,NINGUNA,,,,⚠️ PROHIBIR_OPERAR,,,0.0
2026-01-16 14:59:59,95138.6,93444.01,NOISE,0.0,short,0.8,neutral,0.0,N/A,None,HOLD,neutral,0.0,NINGUNA,,,,⚠️ PROHIBIR_OPERAR,,,0.0
2026-01-16 15:59:59,94550.0,93455.02,NOISE,0.0,short,0.8,neutral,0.0,N/A,None,HOLD,neutral,0.0,NINGUNA,,,,⚠️ PROHIBIR_OPERAR,,,0.0
2026-01-16 16:59:59,94847.8,93468.87,NOISE,0.0,short,0.8,neutral,0.0,N/A,None,HOLD,neutral,0.0,NINGUNA,,,,⚠️ PROHIBIR_OPERAR,,,0.0
2026-01-16 17:59:59,95081.5,93484.92,NOISE,0.0,short,0.8,neutral,0.0,N/A,None,HOLD,neutral,0.0,NINGUNA,,,,⚠️ PROHIBIR_OPERAR,,,0.0
2026-01-16 18:59:59,94971.5,93499.71,NOISE,0.0,short,0.8,neutral,0.0,N/A,None,HOLD,neutral,0.0,NINGUNA,,,,⚠️ PROHIBIR_OPERAR,,,0.0
2026-01-16 19:59:59,94961.8,93514.26,NOISE,0.0,short,0.8,neutral,0.0,N/A,None,HOLD,neutral,0.0,NINGUNA,,,,⚠️ PROHIBIR_OPERAR,,,0.0
2026-01-16 20:59:59,95527.9,93534.3,NOISE,0.0,short,0.8,neutral,0.0,N/A,None,HOLD,neutral,0.0,NINGUNA,,,,⚠️ PROHIBIR_OPERAR,,,0.0
2026-01-16 21:59:59,95475.0,93553.61,NOISE,0.0,short,0.8,neutral,0.0,N/A,None,HOLD,neutral,0.0,NINGUNA,,,,⚠️ PROHIBIR_OPERAR,,,0.0
2026-01-16 22:59:59,95467.7,93572.65,NOISE,0.0,short,0.8,neutral,0.0,N/A,None,HOLD,neutral,0.0,NINGUNA,,,,⚠️ PROHIBIR_OPERAR,,,0.0
2026-01-16 23:59:59,95510.9,93591.94,NOISE,0.0,short,0.8,neutral,0.0,N/A,None,HOLD,neutral,0.0,NINGUNA,,,,⚠️ PROHIBIR_OPERAR,,,0.0
2026-01-17 00:59:59,95412.8,93610.06,NOISE,0.0,short,0.8,neutral,0.0,N/A,None,HOLD,neutral,0.0,NINGUNA,,,,⚠️ PROHIBIR_OPERAR,,,0.0
2026-01-17 01:59:59,95363.0,93627.5,NOISE,0.0,short,0.8,neutral,0.0,N/A,None,HOLD,neutral,0.0,NINGUNA,,,,⚠️ PROHIBIR_OPERAR,,,0.0
2026-01-17 02:59:59,95320.5,93644.35,NOISE,0.0,short,0.8,neutral,0.0,N/A,None,HOLD,neutral,0.0,NINGUNA,,,,⚠️ PROHIBIR_OPERAR,,,0.0
2026-01-17 03:59:59,95337.2,93661.19,NOISE,0.0,short,0.8,neutral,0.0,N/A,None,HOLD,neutral,0.0,NINGUNA,,,,⚠️ PROHIBIR_OPERAR,,,0.0
2026-01-17 04:59:59,95265.0,93677.15,NOISE,0.0,short,0.8,neutral,0.0,N/A,None,HOLD,neutral,0.0,NINGUNA,,,,⚠️ PROHIBIR_OPERAR,,,0.0
2026-01-17 05:59:59,95269.6,93692.99,NOISE,0.0,short,0.8,neutral,0.0,N/A,None,HOLD,neutral,0.0,NINGUNA,,,,⚠️ PROHIBIR_OPERAR,,,0.0
2026-01-17 06:59:59,95193.5,93707.92,NOISE,0.0,short,0.8,neutral,0.0,N/A,None,HOLD,neutral,0.0,NINGUNA,,,,⚠️ PROHIBIR_OPERAR,,,0.0
2026-01-17 07:59:59,95053.0,93721.31,NOISE,0.0,short,0.8,neutral,0.0,N/A,None,HOLD,neutral,0.0,NINGUNA,,,,⚠️ PROHIBIR_OPERAR,,,0.0
2026-01-17 08:59:59,95200.0,93736.02,NOISE,0.0,short,0.8,neutral,0.0,N/A,None,HOLD,neutral,0.0,NINGUNA,,,,⚠️ PROHIBIR_OPERAR,,,0.0
2026-01-17 09:59:59,95223.5,93750.82,NOISE,0.0,short,0.8,neutral,0.0,N/A,None,HOLD,neutral,0.0,NINGUNA,,,,⚠️ PROHIBIR_OPERAR,,,0.0
2026-01-17 10:59:59,95075.0,93764.0,NOISE,0.0,short,0.8,neutral,0.0,N/A,None,HOLD,neutral,0.0,NINGUNA,,,,⚠️ PROHIBIR_OPERAR,,,0.0
2026-01-17 11:59:59,95254.4,93778.83,NOISE,0.0,short,0.8,neutral,0.0,N/A,None,HOLD,neutral,0.0,NINGUNA,,,,⚠️ PROHIBIR_OPERAR,,,0.0
2026-01-17 12:59:59,95218.8,93793.16,NOISE,0.0,short,0.8,neutral,0.0,N/A,None,HOLD,neutral,0.0,NINGUNA,,,,⚠️ PROHIBIR_OPERAR,,,0.0
2026-01-17 13:59:59,95368.7,93808.83,NOISE,0.0,short,0.8,neutral,0.0,N/A,None,HOLD,neutral,0.0,NINGUNA,,,,⚠️ PROHIBIR_OPERAR,,,0.0
2026-01-17 14:59:59,95421.9,93824.88,NOISE,0.0,short,0.8,neutral,0.0,N/A,None,HOLD,neutral,0.0,NINGUNA,,,,⚠️ PROHIBIR_OPERAR,,,0.0
2026-01-17 15:59:59,95538.2,93841.93,NOISE,0.0,short,0.8,neutral,0.0,N/A,None,HOLD,neutral,0.0,NINGUNA,,,,⚠️ PROHIBIR_OPERAR,,,0.0
2026-01-17 16:59:59,95280.9,93856.25,TRENDING,-0.775,short,0.8,neutral,0.0,N/A,None,0.5,short,0.775,NINGUNA,,,,,,,0.0
2026-01-17 17:59:59,95293.4,93870.55,NOISE,0.0,neutral,0.3,neutral,0.0,N/A,None,HOLD,neutral,0.0,NINGUNA,,,,⚠️ PROHIBIR_OPERAR,,,0.0
2026-01-17 18:59:59,95373.6,93885.5,NOISE,0.0,neutral,0.3,neutral,0.0,N/A,None,HOLD,neutral,0.0,NINGUNA,,,,⚠️ PROHIBIR_OPERAR,,,0.0
2026-01-17 19:59:59,95253.8,93899.12,NOISE,0.0,neutral,0.3,neutral,0.0,N/A,None,HOLD,neutral,0.0,NINGUNA,,,,⚠️ PROHIBIR_OPERAR,,,0.0
2026-01-17 20:59:59,95325.0,93913.31,NOISE,0.0,neutral,0.3,neutral,0.0,N/A,None,HOLD,neutral,0.0,NINGUNA,,,,⚠️ PROHIBIR_OPERAR,,,0.0
2026-01-17 21:59:59,95253.5,93926.64,NOISE,0.0,neutral,0.3,neutral,0.0,N/A,None,HOLD,neutral,0.0,NINGUNA,,,,⚠️ PROHIBIR_OPERAR,,,0.0
2026-01-17 22:59:59,95147.1,93938.79,NOISE,0.0,neutral,0.3,neutral,0.0,N/A,None,HOLD,neutral,0.0,NINGUNA,,,,⚠️ PROHIBIR_OPERAR,,,0.0
2026-01-17 23:59:59,95089.9,93950.24,NOISE,0.0,neutral,0.3,neutral,0.0,N/A,None,HOLD,neutral,0.0,NINGUNA,,,,⚠️ PROHIBIR_OPERAR,,,0.0
2026-01-18 00:59:59,95057.9,93961.26,NOISE,0.0,neutral,0.3,neutral,0.0,N/A,None,HOLD,neutral,0.0,NINGUNA,,,,⚠️ PROHIBIR_OPERAR,,,0.0
2026-01-18 01:59:59,94909.6,93970.7,NOISE,0.0,short,0.8,neutral,0.0,N/A,None,HOLD,neutral,0.0,NINGUNA,,,,⚠️ PROHIBIR_OPERAR,,,0.0
2026-01-18 02:59:59,94969.3,93980.63,NOISE,0.0,short,0.8,neutral,0.0,N/A,None,HOLD,neutral,0.0,NINGUNA,,,,⚠️ PROHIBIR_OPERAR,,,0.0
2026-01-18 03:59:59,95138.0,93992.15,NOISE,0.0,short,0.8,neutral,0.0,N/A,None,HOLD,neutral,0.0,NINGUNA,,,,⚠️ PROHIBIR_OPERAR,,,0.0
2026-01-18 04:59:59,95043.0,94002.61,NOISE,0.0,short,0.8,neutral,0.0,N/A,None,HOLD,neutral,0.0,NINGUNA,,,,⚠️ PROHIBIR_OPERAR,,,0.0
2026-01-18 05:59:59,95136.9,94013.89,NOISE,0.0,short,0.8,neutral,0.0,N/A,None,HOLD,neutral,0.0,NINGUNA,,,,⚠️ PROHIBIR_OPERAR,,,0.0
2026-01-18 06:59:59,95127.8,94024.98,NOISE,0.0,short,0.8,neutral,0.0,N/A,None,HOLD,neutral,0.0,NINGUNA,,,,⚠️ PROHIBIR_OPERAR,,,0.0
2026-01-18 07:59:59,95000.0,94034.68,NOISE,0.0,short,0.8,neutral,0.0,N/A,None,HOLD,neutral,0.0,NINGUNA,,,,⚠️ PROHIBIR_OPERAR,,,0.0
2026-01-18 08:59:59,95140.6,94045.68,NOISE,0.0,short,0.8,neutral,0.0,N/A,None,HOLD,neutral,0.0,NINGUNA,,,,⚠️ PROHIBIR_OPERAR,,,0.0
2026-01-18 09:59:59,95239.9,94057.57,NOISE,0.0,short,0.8,neutral,0.0,N/A,None,HOLD,neutral,0.0,NINGUNA,,,,⚠️ PROHIBIR_OPERAR,,,0.0
2026-01-18 10:59:59,95122.7,94068.16,NOISE,0.0,short,0.8,neutral,0.0,N/A,None,HOLD,neutral,0.0,NINGUNA,,,,⚠️ PROHIBIR_OPERAR,,,0.0
2026-01-18 11:59:59,95115.8,94078.59,NOISE,0.0,short,0.8,neutral,0.0,N/A,None,HOLD,neutral,0.0,NINGUNA,,,,⚠️ PROHIBIR_OPERAR,,,0.0
2026-01-18 12:59:59,95052.4,94088.28,NOISE,0.0,short,0.8,neutral,0.0,N/A,None,HOLD,neutral,0.0,NINGUNA,,,,⚠️ PROHIBIR_OPERAR,,,0.0
2026-01-18 13:59:59,95108.8,94098.43,NOISE,0.0,short,0.8,neutral,0.0,N/A,None,HOLD,neutral,0.0,NINGUNA,,,,⚠️ PROHIBIR_OPERAR,,,0.0
2026-01-18 14:59:59,94911.9,94106.53,NOISE,0.0,short,0.8,neutral,0.0,N/A,None,HOLD,neutral,0.0,NINGUNA,,,,⚠️ PROHIBIR_OPERAR,,,0.0
2026-01-18 15:59:59,95082.4,94116.24,NOISE,0.0,short,0.8,neutral,0.0,N/A,None,HOLD,neutral,0.0,NINGUNA,,,,⚠️ PROHIBIR_OPERAR,,,0.0
2026-01-18 16:59:59,95131.7,94126.34,NOISE,0.0,short,0.8,neutral,0.0,N/A,None,HOLD,neutral,0.0,NINGUNA,,,,⚠️ PROHIBIR_OPERAR,,,0.0
2026-01-18 17:59:59,95222.5,94137.25,NOISE,0.0,neutral,0.3,neutral,0.0,N/A,None,HOLD,neutral,0.0,NINGUNA,,,,⚠️ PROHIBIR_OPERAR,,,0.0
2026-01-18 18:59:59,95407.1,94149.88,NOISE,0.0,neutral,0.3,neutral,0.0,N/A,None,HOLD,neutral,0.0,NINGUNA,,,,⚠️ PROHIBIR_OPERAR,,,0.0
2026-01-18 19:59:59,95329.9,94161.62,NOISE,0.0,neutral,0.3,neutral,0.0,N/A,None,HOLD,neutral,0.0,NINGUNA,,,,⚠️ PROHIBIR_OPERAR,,,0.0
2026-01-18 20:59:59,95263.6,94172.59,NOISE,0.0,neutral,0.3,neutral,0.0,N/A,None,HOLD,neutral,0.0,NINGUNA,,,,⚠️ PROHIBIR_OPERAR,,,0.0
2026-01-18 21:59:59,95385.5,94184.66,NOISE,0.0,neutral,0.3,neutral,0.0,N/A,None,HOLD,neutral,0.0,NINGUNA,,,,⚠️ PROHIBIR_OPERAR,,,0.0
2026-01-18 22:59:59,95459.2,94197.34,NOISE,0.0,neutral,0.3,neutral,0.0,N/A,None,HOLD,neutral,0.0,NINGUNA,,,,⚠️ PROHIBIR_OPERAR,,,0.0
2026-01-18 23:59:59,93632.6,94191.72,NOISE,0.0,short,0.8,neutral,0.0,N/A,None,HOLD,neutral,0.0,NINGUNA,,,,⚠️ PROHIBIR_OPERAR,,,0.0
2026-01-19 00:59:59,92695.0,94176.83,NOISE,0.0,short,0.8,neutral,0.0,N/A,None,HOLD,neutral,0.0,NINGUNA,,,,⚠️ PROHIBIR_OPERAR,,,0.0
2026-01-19 01:59:59,92519.5,94160.34,NOISE,0.0,short,0.8,neutral,0.0,N/A,None,HOLD,neutral,0.0,NINGUNA,,,,⚠️ PROHIBIR_OPERAR,,,0.0
2026-01-19 02:59:59,92546.4,94144.28,NOISE,0.0,short,0.8,neutral,0.0,N/A,None,HOLD,neutral,0.0,NINGUNA,,,,⚠️ PROHIBIR_OPERAR,,,0.0
2026-01-19 03:59:59,92650.4,94129.41,NOISE,0.0,short,0.8,neutral,0.0,N/A,None,HOLD,neutral,0.0,NINGUNA,,,,⚠️ PROHIBIR_OPERAR,,,0.0
2026-01-19 04:59:59,92640.3,94114.6,NOISE,0.0,short,0.8,neutral,0.0,N/A,None,HOLD,neutral,0.0,NINGUNA,,,,⚠️ PROHIBIR_OPERAR,,,0.0
2026-01-19 05:59:59,92490.0,94098.43,NOISE,0.0,short,0.8,neutral,0.0,N/A,None,HOLD,neutral,0.0,NINGUNA,,,,⚠️ PROHIBIR_OPERAR,,,0.0
2026-01-19 06:59:59,92506.0,94082.59,NOISE,0.0,short,0.8,neutral,0.0,N/A,None,HOLD,neutral,0.0,NINGUNA,,,,⚠️ PROHIBIR_OPERAR,,,0.0
2026-01-19 07:59:59,92779.2,94069.62,NOISE,0.0,short,0.8,neutral,0.0,N/A,None,HOLD,neutral,0.0,NINGUNA,,,,⚠️ PROHIBIR_OPERAR,,,0.0
2026-01-19 08:59:59,93231.0,94061.27,NOISE,0.0,short,0.8,neutral,0.0,N/A,None,HOLD,neutral,0.0,NINGUNA,,,,⚠️ PROHIBIR_OPERAR,,,0.0
2026-01-19 09:59:59,92995.3,94050.67,NOISE,0.0,short,0.8,neutral,0.0,N/A,None,HOLD,neutral,0.0,NINGUNA,,,,⚠️ PROHIBIR_OPERAR,,,0.0
2026-01-19 10:59:59,93006.6,94040.28,NOISE,0.0,short,0.8,neutral,0.0,N/A,None,HOLD,neutral,0.0,NINGUNA,,,,⚠️ PROHIBIR_OPERAR,,,0.0
2026-01-19 11:59:59,93145.7,94031.38,NOISE,0.0,short,0.8,neutral,0.0,N/A,None,HOLD,neutral,0.0,NINGUNA,,,,⚠️ PROHIBIR_OPERAR,,,0.0
2026-01-19 12:59:59,93002.4,94021.14,NOISE,0.0,short,0.8,neutral,0.0,N/A,None,HOLD,neutral,0.0,NINGUNA,,,,⚠️ PROHIBIR_OPERAR,,,0.0
2026-01-19 13:59:59,92951.7,94010.5,NOISE,0.0,short,0.8,neutral,0.0,N/A,None,HOLD,neutral,0.0,NINGUNA,,,,⚠️ PROHIBIR_OPERAR,,,0.0
2026-01-19 14:59:59,92770.0,93998.15,NOISE,0.0,short,0.8,neutral,0.0,N/A,None,HOLD,neutral,0.0,NINGUNA,,,,⚠️ PROHIBIR_OPERAR,,,0.0
2026-01-19 15:59:59,93012.0,93988.34,NOISE,0.0,short,0.8,neutral,0.0,N/A,None,HOLD,neutral,0.0,NINGUNA,,,,⚠️ PROHIBIR_OPERAR,,,0.0
2026-01-19 16:59:59,93273.9,93981.23,NOISE,0.0,short,0.8,neutral,0.0,N/A,None,HOLD,neutral,0.0,NINGUNA,,,,⚠️ PROHIBIR_OPERAR,,,0.0
2026-01-19 17:59:59,93167.5,93973.14,NOISE,0.0,short,0.8,neutral,0.0,N/A,None,HOLD,neutral,0.0,NINGUNA,,,,⚠️ PROHIBIR_OPERAR,,,0.0
2026-01-19 18:59:59,92993.2,93963.38,NOISE,0.0,short,0.8,neutral,0.0,N/A,None,HOLD,neutral,0.0,NINGUNA,,,,⚠️ PROHIBIR_OPERAR,,,0.0
2026-01-19 19:59:59,93056.4,93954.36,NOISE,0.0,short,0.8,neutral,0.0,N/A,None,HOLD,neutral,0.0,NINGUNA,,,,⚠️ PROHIBIR_OPERAR,,,0.0
2026-01-19 20:59:59,93075.7,93945.62,NOISE,0.0,short,0.8,neutral,0.0,N/A,None,HOLD,neutral,0.0,NINGUNA,,,,⚠️ PROHIBIR_OPERAR,,,0.0
2026-01-19 21:59:59,92945.3,93935.66,NOISE,0.0,short,0.8,neutral,0.0,N/A,None,HOLD,neutral,0.0,NINGUNA,,,,⚠️ PROHIBIR_OPERAR,,,0.0
2026-01-19 22:59:59,92478.8,93921.17,NOISE,0.0,short,0.8,neutral,0.0,N/A,None,HOLD,neutral,0.0,NINGUNA,,,,⚠️ PROHIBIR_OPERAR,,,0.0
2026-01-19 23:59:59,92546.5,93907.49,NOISE,0.0,short,0.8,neutral,0.0,N/A,None,HOLD,neutral,0.0,NINGUNA,,,,⚠️ PROHIBIR_OPERAR,,,0.0
2026-01-20 00:59:59,92650.1,93894.98,NOISE,0.0,short,0.8,neutral,0.0,N/A,None,HOLD,neutral,0.0,NINGUNA,,,,⚠️ PROHIBIR_OPERAR,,,0.0
2026-01-20 01:59:59,92631.5,93882.41,NOISE,0.0,short,0.8,neutral,0.0,N/A,None,HOLD,neutral,0.0,NINGUNA,,,,⚠️ PROHIBIR_OPERAR,,,0.0
2026-01-20 02:59:59,92497.0,93868.62,NOISE,0.0,short,0.8,neutral,0.0,N/A,None,HOLD,neutral,0.0,NINGUNA,,,,⚠️ PROHIBIR_OPERAR,,,0.0
2026-01-20 03:59:59,92370.6,93853.72,NOISE,0.0,short,0.8,neutral,0.0,N/A,None,HOLD,neutral,0.0,NINGUNA,,,,⚠️ PROHIBIR_OPERAR,,,0.0
2026-01-20 04:59:59,91986.4,93835.13,NOISE,0.0,short,0.8,neutral,0.0,N/A,None,HOLD,neutral,0.0,NINGUNA,,,,⚠️ PROHIBIR_OPERAR,,,0.0
2026-01-20 05:59:59,91573.0,93812.63,NOISE,0.0,short,0.8,neutral,0.0,N/A,None,HOLD,neutral,0.0,NINGUNA,,,,⚠️ PROHIBIR_OPERAR,,,0.0
2026-01-20 06:59:59,90810.4,93782.75,NOISE,0.0,short,0.8,neutral,0.0,N/A,None,HOLD,neutral,0.0,NINGUNA,,,,⚠️ PROHIBIR_OPERAR,,,0.0
2026-01-20 07:59:59,91092.5,93755.98,NOISE,0.0,short,0.8,neutral,0.0,N/A,None,HOLD,neutral,0.0,NINGUNA,,,,⚠️ PROHIBIR_OPERAR,,,0.0
2026-01-20 08:59:59,91000.8,93728.57,NOISE,0.0,short,0.8,neutral,0.0,N/A,None,HOLD,neutral,0.0,NINGUNA,,,,⚠️ PROHIBIR_OPERAR,,,0.0
2026-01-20 09:59:59,90926.6,93700.69,NOISE,0.0,short,0.8,neutral,0.0,N/A,None,HOLD,neutral,0.0,NINGUNA,,,,⚠️ PROHIBIR_OPERAR,,,0.0
2026-01-20 10:59:59,91160.5,93675.41,NOISE,0.0,short,0.8,neutral,0.0,N/A,None,HOLD,neutral,0.0,NINGUNA,,,,⚠️ PROHIBIR_OPERAR,,,0.0
2026-01-20 11:59:59,91128.6,93650.07,NOISE,0.0,short,0.8,neutral,0.0,N/A,None,HOLD,neutral,0.0,NINGUNA,,,,⚠️ PROHIBIR_OPERAR,,,0.0
2026-01-20 12:59:59,91197.1,93625.66,NOISE,0.0,short,0.8,neutral,0.0,N/A,None,HOLD,neutral,0.0,NINGUNA,,,,⚠️ PROHIBIR_OPERAR,,,0.0
2026-01-20 13:59:59,90866.5,93598.21,NOISE,0.0,short,0.8,neutral,0.0,N/A,None,HOLD,neutral,0.0,NINGUNA,,,,⚠️ PROHIBIR_OPERAR,,,0.0
2026-01-20 14:59:59,90418.1,93566.57,NOISE,0.0,short,0.8,neutral,0.0,N/A,None,HOLD,neutral,0.0,NINGUNA,,,,⚠️ PROHIBIR_OPERAR,,,0.0
2026-01-20 15:59:59,90591.1,93536.96,NOISE,0.0,short,0.8,neutral,0.0,N/A,None,HOLD,neutral,0.0,NINGUNA,,,,⚠️ PROHIBIR_OPERAR,,,0.0
2026-01-20 16:59:59,90076.4,93502.53,NOISE,0.0,short,0.8,neutral,0.0,N/A,None,HOLD,neutral,0.0,NINGUNA,,,,⚠️ PROHIBIR_OPERAR,,,0.0
2026-01-20 17:59:59,89675.3,93464.45,NOISE,0.0,short,0.8,neutral,0.0,N/A,None,HOLD,neutral,0.0,NINGUNA,,,,⚠️ PROHIBIR_OPERAR,,,0.0
2026-01-20 18:59:59,89388.2,93423.89,NOISE,0.0,short,0.8,neutral,0.0,N/A,None,HOLD,neutral,0.0,NINGUNA,,,,⚠️ PROHIBIR_OPERAR,,,0.0
2026-01-20 19:59:59,89596.5,93385.8,NOISE,0.0,short,0.8,neutral,0.0,N/A,None,HOLD,neutral,0.0,NINGUNA,,,,⚠️ PROHIBIR_OPERAR,,,0.0
2026-01-20 20:59:59,89594.0,93348.07,NOISE,0.0,short,0.8,neutral,0.0,N/A,None,HOLD,neutral,0.0,NINGUNA,,,,⚠️ PROHIBIR_OPERAR,,,0.0
2026-01-20 21:59:59,89360.0,93308.39,NOISE,0.0,short,0.8,neutral,0.0,N/A,None,HOLD,neutral,0.0,NINGUNA,,,,⚠️ PROHIBIR_OPERAR,,,0.0
2026-01-20 22:59:59,88385.8,93259.41,NOISE,0.0,short,0.8,neutral,0.0,N/A,None,HOLD,neutral,0.0,NINGUNA,,,,⚠️ PROHIBIR_OPERAR,,,0.0
2026-01-20 23:59:59,88309.9,93210.16,NOISE,0.0,short,0.8,neutral,0.0,N/A,None,HOLD,neutral,0.0,NINGUNA,,,,⚠️ PROHIBIR_OPERAR,,,0.0
2026-01-21 00:59:59,88814.1,93166.42,NOISE,0.0,short,0.8,neutral,0.0,N/A,None,HOLD,neutral,0.0,NINGUNA,,,,⚠️ PROHIBIR_OPERAR,,,0.0
2026-01-21 01:59:59,88904.6,93124.01,NOISE,0.0,short,0.8,neutral,0.0,N/A,None,HOLD,neutral,0.0,NINGUNA,,,,⚠️ PROHIBIR_OPERAR,,,0.0
2026-01-21 02:59:59,88932.9,93082.31,TRENDING,0.0,short,0.8,neutral,0.0,N/A,None,0.5,NEUTRAL,0.0,NINGUNA,,,,,,,0.0
2026-01-21 03:59:59,89316.6,93044.84,TRENDING,0.0,short,0.8,neutral,0.0,N/A,None,0.5,NEUTRAL,0.0,NINGUNA,,,,,,,0.0
2026-01-21 04:59:59,89329.9,93007.88,TRENDING,0.0,short,0.8,neutral,0.0,N/A,None,0.5,NEUTRAL,0.0,NINGUNA,,,,,,,0.0
2026-01-21 05:59:59,89830.3,92976.26,TRENDING,0.0,short,0.8,neutral,0.0,N/A,None,0.5,NEUTRAL,0.0,NINGUNA,,,,,,,0.0
2026-01-21 06:59:59,89547.8,92942.14,TRENDING,0.0,short,0.8,neutral,0.0,N/A,None,0.5,NEUTRAL,0.0,NINGUNA,,,,,,,0.0
2026-01-21 07:59:59,89119.1,92904.1,TRENDING,0.0,short,0.8,neutral,0.0,N/A,None,0.5,NEUTRAL,0.0,NINGUNA,,,,,,,0.0
2026-01-21 08:59:59,89087.5,92866.13,NOISE,0.0,short,0.8,neutral,0.0,N/A,None,HOLD,neutral,0.0,NINGUNA,,,,⚠️ PROHIBIR_OPERAR,,,0.0
2026-01-21 09:59:59,88998.3,92827.64,NOISE,0.0,short,0.8,neutral,0.0,N/A,None,HOLD,neutral,0.0,NINGUNA,,,,⚠️ PROHIBIR_OPERAR,,,0.0
2026-01-21 10:59:59,89158.1,92791.13,NOISE,0.0,short,0.8,neutral,0.0,N/A,None,HOLD,neutral,0.0,NINGUNA,,,,⚠️ PROHIBIR_OPERAR,,,0.0
2026-01-21 11:59:59,88700.0,92750.42,NOISE,0.0,short,0.8,neutral,0.0,N/A,None,HOLD,neutral,0.0,NINGUNA,,,,⚠️ PROHIBIR_OPERAR,,,0.0
2026-01-21 12:59:59,88645.1,92709.57,NOISE,0.0,short,0.8,neutral,0.0,N/A,None,HOLD,neutral,0.0,NINGUNA,,,,⚠️ PROHIBIR_OPERAR,,,0.0
2026-01-21 13:59:59,88599.9,92668.68,NOISE,0.0,short,0.8,neutral,0.0,N/A,None,HOLD,neutral,0.0,NINGUNA,,,,⚠️ PROHIBIR_OPERAR,,,0.0
2026-01-21 14:59:59,89726.9,92639.41,NOISE,0.0,short,0.8,neutral,0.0,N/A,None,HOLD,neutral,0.0,NINGUNA,,,,⚠️ PROHIBIR_OPERAR,,,0.0
2026-01-21 15:59:59,90218.3,92615.32,TRENDING,0.0,long,0.8,neutral,0.0,N/A,None,0.5,STRONG_BUY_GAP,0.85,NINGUNA,,,,,,,0.0
2026-01-21 16:59:59,87533.4,92564.75,RANGING,0.0,short,0.8,neutral,0.0,N/A,None,0.5,neutral,0.0,NINGUNA,,,,,,,0.0
2026-01-21 17:59:59,87853.9,92517.88,RANGING,0.0,short,0.8,neutral,0.0,N/A,None,0.5,STRONG_SELL_GAP,0.85,NINGUNA,,,,,,,0.0
2026-01-21 18:59:59,88374.9,92476.65,RANGING,-0.025,short,0.8,neutral,0.0,N/A,None,0.5,neutral,0.025,NINGUNA,,,,,,,0.0
2026-01-21 19:59:59,90275.8,92454.75,NOISE,0.0,short,0.8,neutral,0.0,N/A,None,HOLD,neutral,0.0,NINGUNA,,,,⚠️ PROHIBIR_OPERAR,,,0.0
2026-01-21 20:59:59,90098.6,92431.31,NOISE,0.0,short,0.8,neutral,0.0,N/A,None,HOLD,neutral,0.0,NINGUNA,,,,⚠️ PROHIBIR_OPERAR,,,0.0
2026-01-21 21:59:59,90160.0,92408.71,NOISE,0.0,short,0.8,neutral,0.0,N/A,None,HOLD,neutral,0.0,NINGUNA,,,,⚠️ PROHIBIR_OPERAR,,,0.0
2026-01-21 22:59:59,89692.8,92381.69,RANGING,0.0,short,0.8,neutral,0.0,N/A,None,0.5,NEUTRAL,0.0,NINGUNA,,,,,,,0.0
2026-01-21 23:59:59,89372.9,92351.75,RANGING,0.0,short,0.8,neutral,0.0,N/A,None,0.5,NEUTRAL,0.0,NINGUNA,,,,,,,0.0
2026-01-22 00:59:59,89815.1,92326.51,NOISE,0.0,short,0.8,neutral,0.0,N/A,None,HOLD,neutral,0.0,NINGUNA,,,,⚠️ PROHIBIR_OPERAR,,,0.0
2026-01-22 01:59:59,90023.0,92303.59,NOISE,0.0,short,0.8,neutral,0.0,N/A,None,HOLD,neutral,0.0,NINGUNA,,,,⚠️ PROHIBIR_OPERAR,,,0.0
2026-01-22 02:59:59,89868.2,92279.35,NOISE,0.0,short,0.8,neutral,0.0,N/A,None,HOLD,neutral,0.0,NINGUNA,,,,⚠️ PROHIBIR_OPERAR,,,0.0
2026-01-22 03:59:59,89804.0,92254.72,NOISE,0.0,short,0.8,neutral,0.0,N/A,None,HOLD,neutral,0.0,NINGUNA,,,,⚠️ PROHIBIR_OPERAR,,,0.0
2026-01-22 04:59:59,89926.5,92231.56,NOISE,0.0,neutral,0.3,neutral,0.0,N/A,None,HOLD,neutral,0.0,NINGUNA,,,,⚠️ PROHIBIR_OPERAR,,,0.0
2026-01-22 05:59:59,89912.0,92208.48,NOISE,0.0,neutral,0.3,neutral,0.0,N/A,None,HOLD,neutral,0.0,NINGUNA,,,,⚠️ PROHIBIR_OPERAR,,,0.0
2026-01-22 06:59:59,90079.5,92187.29,NOISE,0.0,neutral,0.3,neutral,0.0,N/A,None,HOLD,neutral,0.0,NINGUNA,,,,⚠️ PROHIBIR_OPERAR,,,0.0
2026-01-22 07:59:59,89741.9,92162.96,NOISE,0.0,neutral,0.3,neutral,0.0,N/A,None,HOLD,neutral,0.0,NINGUNA,,,,⚠️ PROHIBIR_OPERAR,,,0.0
2026-01-22 08:59:59,89820.5,92139.65,RANGING,0.0,neutral,0.3,neutral,0.0,N/A,None,0.5,NEUTRAL,0.0,NINGUNA,,,,,,,0.0
2026-01-22 09:59:59,89939.8,92117.76,RANGING,0.0,neutral,0.3,neutral,0.0,N/A,None,0.5,NEUTRAL,0.0,NINGUNA,,,,,,,0.0
2026-01-22 10:59:59,90010.1,92096.79,RANGING,0.0,neutral,0.3,neutral,0.0,N/A,None,0.5,NEUTRAL,0.0,NINGUNA,,,,,,,0.0
2026-01-22 11:59:59,89860.4,92074.54,RANGING,0.0,neutral,0.3,neutral,0.0,N/A,None,0.5,NEUTRAL,0.0,NINGUNA,,,,,,,0.0
2026-01-22 12:59:59,89928.2,92053.18,RANGING,0.0,neutral,0.3,neutral,0.0,N/A,None,0.5,NEUTRAL,0.0,NINGUNA,,,,,,,0.0
2026-01-22 13:59:59,89521.9,92028.0,RANGING,0.0,neutral,0.3,neutral,0.0,N/A,None,0.5,NEUTRAL,0.0,NINGUNA,,,,,,,0.0
2026-01-22 14:59:59,88993.9,91997.81,RANGING,0.05,neutral,0.3,neutral,0.0,N/A,None,0.5,neutral,0.05,NINGUNA,,,,,,,0.0
2026-01-22 15:59:59,88905.4,91967.04,RANGING,0.05,neutral,0.3,neutral,0.0,N/A,None,0.5,neutral,0.05,NINGUNA,,,,,,,0.0
2026-01-22 16:59:59,88947.5,91936.99,RANGING,0.0,neutral,0.3,neutral,0.0,N/A,None,0.5,NEUTRAL,0.0,NINGUNA,,,,,,,0.0
2026-01-22 17:59:59,89499.9,91912.74,RANGING,0.0,neutral,0.3,neutral,0.0,N/A,None,0.5,neutral,0.0,NINGUNA,,,,,,,0.0
2026-01-22 18:59:59,89221.8,91885.97,RANGING,0.0,neutral,0.3,neutral,0.0,N/A,None,0.5,neutral,0.0,NINGUNA,,,,,,,0.0
2026-01-22 19:59:59,89699.6,91864.21,RANGING,0.0,neutral,0.3,neutral,0.0,N/A,None,0.5,neutral,0.0,NINGUNA,,,,,,,0.0
2026-01-22 20:59:59,89312.1,91838.82,RANGING,0.0,neutral,0.3,neutral,0.0,N/A,None,0.5,NEUTRAL,0.0,NINGUNA,,,,,,,0.0
2026-01-22 21:59:59,89158.4,91812.15,RANGING,0.0,neutral,0.3,neutral,0.0,N/A,None,0.5,NEUTRAL,0.0,NINGUNA,,,,,,,0.0
2026-01-22 22:59:59,89269.1,91786.84,RANGING,0.0,neutral,0.3,neutral,0.0,N/A,None,0.5,NEUTRAL,0.0,NINGUNA,,,,,,,0.0
2026-01-22 23:59:59,89454.2,91763.63,RANGING,0.0,neutral,0.3,neutral,0.0,N/A,None,HOLD,NEUTRAL,0.0,NINGUNA,,,,,,,0.0
2026-01-23 00:59:59,89440.3,91740.51,RANGING,0.0,neutral,0.3,neutral,0.0,N/A,None,0.5,NEUTRAL,0.0,NINGUNA,,,,,,,0.0
2026-01-23 01:59:59,89845.7,91721.66,NOISE,0.0,neutral,0.3,neutral,0.0,N/A,None,HOLD,neutral,0.0,NINGUNA,,,,⚠️ PROHIBIR_OPERAR,,,0.0
2026-01-23 02:59:59,89565.2,91700.2,RANGING,0.0,neutral,0.3,neutral,0.0,N/A,None,0.5,NEUTRAL,0.0,NINGUNA,,,,,,,0.0
2026-01-23 03:59:59,89818.7,91681.48,NOISE,0.0,neutral,0.3,neutral,0.0,N/A,None,HOLD,neutral,0.0,NINGUNA,,,,⚠️ PROHIBIR_OPERAR,,,0.0
2026-01-23 04:59:59,89888.9,91663.64,NOISE,0.0,neutral,0.3,neutral,0.0,N/A,None,HOLD,neutral,0.0,NINGUNA,,,,⚠️ PROHIBIR_OPERAR,,,0.0
2026-01-23 05:59:59,89536.8,91642.48,NOISE,0.0,neutral,0.3,neutral,0.0,N/A,None,HOLD,neutral,0.0,NINGUNA,,,,⚠️ PROHIBIR_OPERAR,,,0.0
2026-01-23 06:59:59,89392.3,91620.09,NOISE,0.0,neutral,0.3,neutral,0.0,N/A,None,HOLD,neutral,0.0,NINGUNA,,,,⚠️ PROHIBIR_OPERAR,,,0.0
2026-01-23 07:59:59,89445.0,91598.45,NOISE,0.0,neutral,0.3,neutral,0.0,N/A,None,HOLD,neutral,0.0,NINGUNA,,,,⚠️ PROHIBIR_OPERAR,,,0.0
2026-01-23 08:59:59,89117.3,91573.76,NOISE,0.0,neutral,0.3,neutral,0.0,N/A,None,HOLD,neutral,0.0,NINGUNA,,,,⚠️ PROHIBIR_OPERAR,,,0.0
2026-01-23 09:59:59,88849.3,91546.65,NOISE,0.0,neutral,0.3,neutral,0.0,N/A,None,HOLD,neutral,0.0,NINGUNA,,,,⚠️ PROHIBIR_OPERAR,,,0.0
2026-01-23 10:59:59,88903.1,91520.35,RANGING,0.0,neutral,0.3,neutral,0.0,N/A,None,0.5,NEUTRAL,0.0,NINGUNA,,,,,,,0.0
2026-01-23 11:59:59,89075.2,91496.02,RANGING,0.0,neutral,0.3,neutral,0.0,N/A,None,0.5,NEUTRAL,0.0,NINGUNA,,,,,,,0.0
2026-01-23 12:59:59,89160.4,91472.78,RANGING,0.0,neutral,0.3,neutral,0.0,N/A,None,0.5,NEUTRAL,0.0,NINGUNA,,,,,,,0.0
2026-01-23 13:59:59,89230.9,91450.47,RANGING,0.0,neutral,0.3,neutral,0.0,N/A,None,0.5,NEUTRAL,0.0,NINGUNA,,,,,,,0.0
2026-01-23 14:59:59,88882.1,91424.92,RANGING,-0.75,short,0.8,neutral,0.0,N/A,None,0.5,short,0.75,NINGUNA,,,,,,,0.0
2026-01-23 15:59:59,89644.4,91407.2,NOISE,0.0,short,0.8,neutral,0.0,N/A,None,HOLD,neutral,0.0,NINGUNA,,,,⚠️ PROHIBIR_OPERAR,,,0.0
2026-01-23 16:59:59,90035.1,91393.55,NOISE,0.0,neutral,0.3,neutral,0.0,N/A,None,HOLD,neutral,0.0,NINGUNA,,,,⚠️ PROHIBIR_OPERAR,,,0.0
2026-01-23 17:59:59,90494.2,91384.6,NOISE,0.0,neutral,0.3,neutral,0.0,N/A,None,HOLD,neutral,0.0,NINGUNA,,,,⚠️ PROHIBIR_OPERAR,,,0.0
2026-01-23 18:59:59,90399.1,91374.79,NOISE,0.0,neutral,0.3,neutral,0.0,N/A,None,HOLD,neutral,0.0,NINGUNA,,,,⚠️ PROHIBIR_OPERAR,,,0.0
2026-01-23 19:59:59,89860.9,91359.73,NOISE,0.0,neutral,0.3,neutral,0.0,N/A,None,HOLD,neutral,0.0,NINGUNA,,,,⚠️ PROHIBIR_OPERAR,,,0.0
2026-01-23 20:59:59,89404.1,91340.27,NOISE,0.0,neutral,0.3,neutral,0.0,N/A,None,HOLD,neutral,0.0,NINGUNA,,,,⚠️ PROHIBIR_OPERAR,,,0.0
2026-01-23 21:59:59,89236.3,91319.33,NOISE,0.0,neutral,0.3,neutral,0.0,N/A,None,HOLD,neutral,0.0,NINGUNA,,,,⚠️ PROHIBIR_OPERAR,,,0.0
2026-01-23 22:59:59,89523.9,91301.47,NOISE,0.0,neutral,0.3,neutral,0.0,N/A,None,HOLD,neutral,0.0,NINGUNA,,,,⚠️ PROHIBIR_OPERAR,,,0.0
2026-01-23 23:59:59,89495.0,91283.49,NOISE,0.0,neutral,0.3,neutral,0.0,N/A,None,HOLD,neutral,0.0,NINGUNA,,,,⚠️ PROHIBIR_OPERAR,,,0.0
2026-01-24 00:59:59,89340.7,91264.16,NOISE,0.0,neutral,0.3,neutral,0.0,N/A,None,HOLD,neutral,0.0,NINGUNA,,,,⚠️ PROHIBIR_OPERAR,,,0.0
2026-01-24 01:59:59,89430.5,91245.92,NOISE,0.0,neutral,0.3,neutral,0.0,N/A,None,HOLD,neutral,0.0,NINGUNA,,,,⚠️ PROHIBIR_OPERAR,,,0.0
2026-01-24 02:59:59,89563.2,91229.17,NOISE,0.0,neutral,0.3,neutral,0.0,N/A,None,HOLD,neutral,0.0,NINGUNA,,,,⚠️ PROHIBIR_OPERAR,,,0.0
2026-01-24 03:59:59,89643.6,91213.4,NOISE,0.0,neutral,0.3,neutral,0.0,N/A,None,HOLD,neutral,0.0,NINGUNA,,,,⚠️ PROHIBIR_OPERAR,,,0.0
2026-01-24 04:59:59,89703.2,91198.37,NOISE,0.0,neutral,0.3,neutral,0.0,N/A,None,HOLD,neutral,0.0,NINGUNA,,,,⚠️ PROHIBIR_OPERAR,,,0.0
2026-01-24 05:59:59,89644.5,91182.91,RANGING,0.0,neutral,0.3,neutral,0.0,N/A,None,0.5,NEUTRAL,0.0,NINGUNA,,,,,,,0.0
