timestamp,open,high,low,close,volume
2025-12-25 04:00:00,87793.1,87793.1,87700.0,87767.0,7.10490586
2025-12-25 05:00:00,87767.0,87767.0,87592.1,87711.4,23.05854698
2025-12-25 06:00:00,87711.4,87759.2,87650.3,87759.2,26.76146045
2025-12-25 07:00:00,87759.2,87786.4,87702.5,87786.4,8.1722407
2025-12-25 08:00:00,87786.4,87840.9,87309.0,87528.2,9.19104778
2025-12-25 09:00:00,87528.2,87528.2,87393.9,87460.6,20.16119147
2025-12-25 10:00:00,87460.6,87460.6,87227.1,87364.5,8.597808
2025-12-25 11:00:00,87364.5,87532.5,87364.4,87462.4,6.71885311
2025-12-25 12:00:00,87462.4,87520.1,87448.1,87488.1,4.45131981
2025-12-25 13:00:00,87488.1,87603.3,87359.0,87582.9,10.20519971
2025-12-25 14:00:00,87582.9,87691.4,87514.7,87667.5,5.72021328
2025-12-25 15:00:00,87667.5,88547.9,87667.5,88265.8,120.1494061
2025-12-25 16:00:00,88282.8,88396.7,87954.9,88048.6,34.46078
2025-12-25 17:00:00,88048.6,88116.9,87965.5,88081.4,59.12777952
2025-12-25 18:00:00,88081.4,88256.0,88081.3,88178.5,30.44009238
2025-12-25 19:00:00,88178.6,88178.6,88013.0,88088.0,8.92359089
2025-12-25 20:00:00,88088.0,88100.0,87571.7,87833.1,52.36385827
2025-12-25 21:00:00,87833.2,87912.3,87765.0,87838.8,8.86009477
2025-12-25 22:00:00,87838.8,87843.9,87290.0,87589.8,34.51245835
2025-12-25 23:00:00,87589.8,87691.8,86944.9,87198.0,51.51315248
2025-12-26 00:00:00,87183.0,87271.3,86848.0,87052.0,138.12570716
2025-12-26 01:00:00,87052.0,87405.2,87051.9,87370.2,39.88842558
2025-12-26 02:00:00,87370.2,89332.9,87370.1,89099.9,215.96674297
2025-12-26 03:00:00,89100.0,89181.6,88625.0,88736.5,101.06909727
2025-12-26 04:00:00,88736.5,89043.4,88460.9,88897.7,37.95474325
2025-12-26 05:00:00,88897.8,88934.0,88766.5,88933.9,17.6698552
2025-12-26 06:00:00,88934.0,89171.7,88933.5,89053.1,31.60046816
2025-12-26 07:00:00,89053.1,89484.6,88292.1,88374.9,202.14916275
2025-12-26 08:00:00,88375.0,88798.3,88358.5,88674.8,37.43876054
2025-12-26 09:00:00,88674.8,88820.1,88607.3,88749.9,9.44773844
2025-12-26 10:00:00,88749.9,88809.4,88611.1,88699.2,12.91100449
2025-12-26 11:00:00,88699.2,88699.2,88484.2,88498.5,41.27263455
2025-12-26 12:00:00,88498.5,88679.3,88498.4,88612.4,16.55341512
2025-12-26 13:00:00,88612.4,88979.6,88581.7,88961.8,24.36746344
2025-12-26 14:00:00,88961.8,88992.6,87290.3,87367.2,106.58554771
2025-12-26 15:00:00,87341.2,87341.2,86611.7,87066.1,242.75186113
2025-12-26 16:00:00,87066.1,87287.7,86762.7,86783.1,99.39652268
2025-12-26 17:00:00,86783.1,87363.3,86755.6,87232.5,51.34948674
2025-12-26 18:00:00,87232.5,87289.7,87053.5,87200.7,86.11261329
2025-12-26 19:00:00,87200.8,87505.0,87167.8,87437.2,20.21208203
2025-12-26 20:00:00,87437.2,87709.9,87324.7,87501.9,29.74842168
2025-12-26 21:00:00,87501.9,87615.1,87400.0,87400.1,33.75397824
2025-12-26 22:00:00,87400.1,87497.1,87260.0,87476.8,21.62160243
2025-12-26 23:00:00,87476.6,87476.6,87272.9,87303.6,16.07410981
2025-12-27 00:00:00,87303.6,87342.1,87177.5,87342.1,22.98420616
2025-12-27 01:00:00,87342.1,87411.4,87289.7,87411.4,8.58351079
2025-12-27 02:00:00,87411.4,87437.7,87338.2,87374.7,6.36556574
2025-12-27 03:00:00,87374.8,87446.7,87333.5,87446.7,8.67305426
2025-12-27 04:00:00,87446.7,87446.7,87402.0,87402.3,4.53806862
2025-12-27 05:00:00,87402.3,87440.0,87390.8,87440.0,5.5156485
2025-12-27 06:00:00,87440.0,87485.0,87362.8,87384.1,7.91733543
2025-12-27 07:00:00,87384.1,87647.9,87384.0,87467.5,14.54302697
2025-12-27 08:00:00,87467.5,87609.9,87467.4,87530.2,8.03633047
2025-12-27 09:00:00,87530.2,87606.9,87493.1,87559.4,35.08682124
2025-12-27 10:00:00,87559.4,87559.4,87323.7,87445.6,4.18842933
2025-12-27 11:00:00,87445.7,87484.5,87403.7,87416.6,6.58295894
2025-12-27 12:00:00,87416.6,87455.2,87400.0,87414.6,24.09837852
2025-12-27 13:00:00,87414.6,87416.1,87275.3,87399.0,19.60730542
2025-12-27 14:00:00,87399.1,87474.1,87208.4,87474.1,116.23131248
2025-12-27 15:00:00,87474.1,87515.1,87438.5,87491.3,14.79064506
2025-12-27 16:00:00,87491.3,87518.0,87400.3,87443.6,9.7099814
2025-12-27 17:00:00,87443.7,87493.0,87411.6,87493.0,5.83258872
2025-12-27 18:00:00,87493.0,87493.0,87402.6,87427.6,9.27924373
2025-12-27 19:00:00,87427.7,87518.0,87427.6,87501.0,14.60849119
2025-12-27 20:00:00,87501.0,87548.9,87481.8,87501.3,9.03298407
2025-12-27 21:00:00,87501.3,87601.6,87501.2,87601.5,9.93527937
2025-12-27 22:00:00,87601.5,87866.0,87463.2,87527.0,29.63214777
2025-12-27 23:00:00,87507.7,87913.3,87505.0,87802.6,20.97732433
2025-12-28 00:00:00,87814.4,87874.8,87637.8,87784.8,25.41972449
2025-12-28 01:00:00,87784.8,87853.7,87659.4,87722.1,73.41073974
2025-12-28 02:00:00,87722.1,87786.0,87690.1,87739.6,9.04023328
2025-12-28 03:00:00,87739.6,87752.9,87676.0,87685.9,5.77234864
2025-12-28 04:00:00,87680.3,87769.6,87590.3,87651.5,56.03399525
2025-12-28 05:00:00,87651.5,87651.5,87551.1,87578.9,5.52084749
2025-12-28 06:00:00,87579.0,87722.3,87576.2,87669.7,5.66757108
2025-12-28 07:00:00,87669.8,87669.8,87595.9,87651.0,5.19188187
2025-12-28 08:00:00,87651.0,87892.6,87650.9,87728.7,5.49365095
2025-12-28 09:00:00,87728.7,87831.1,87653.0,87708.1,14.13842808
2025-12-28 10:00:00,87708.2,87955.9,87708.2,87782.7,33.02209164
2025-12-28 11:00:00,87782.7,87844.3,87737.8,87792.8,49.69919413
2025-12-28 12:00:00,87792.8,87800.0,87735.4,87772.5,36.08550343
2025-12-28 13:00:00,87772.5,87861.1,87755.6,87830.1,53.54004637
2025-12-28 14:00:00,87830.1,87998.9,87830.0,87858.6,45.51469155
2025-12-28 15:00:00,87858.6,87921.6,87748.6,87774.9,5.74904431
2025-12-28 16:00:00,87774.9,87821.9,87694.0,87750.0,6.49054071
2025-12-28 17:00:00,87750.0,87858.3,87683.4,87684.5,20.41142303
2025-12-28 18:00:00,87684.5,87684.5,87426.2,87532.3,52.7242971
2025-12-28 19:00:00,87532.4,87608.6,87450.0,87472.1,29.73235467
2025-12-28 20:00:00,87472.2,87568.9,87364.3,87470.1,17.21413582
2025-12-28 21:00:00,87459.3,87525.8,87382.4,87500.1,8.07139123
2025-12-28 22:00:00,87500.1,87899.5,87431.0,87826.4,29.56528788
2025-12-28 23:00:00,87826.4,87950.0,87585.4,87853.3,65.72068933
2025-12-29 00:00:00,87865.9,88343.5,87759.9,88225.9,96.76724205
2025-12-29 01:00:00,88226.0,88386.0,87776.7,88358.7,64.37740464
2025-12-29 02:00:00,88358.7,89270.7,88358.7,89075.9,321.37368802
2025-12-29 03:00:00,89076.0,90049.9,89008.6,90005.4,190.85505555
2025-12-29 04:00:00,90005.5,90298.9,89855.9,90068.3,271.06337907
2025-12-29 05:00:00,90068.3,90194.2,89827.4,89911.7,105.56009872
2025-12-29 06:00:00,89911.7,90045.0,89654.2,89663.0,113.70804003
2025-12-29 07:00:00,89663.0,89744.6,89415.3,89491.5,70.37920526
2025-12-29 08:00:00,89491.6,89725.4,89350.4,89420.3,47.55375619
2025-12-29 09:00:00,89419.1,89479.9,87678.0,87998.9,216.04057963
2025-12-29 10:00:00,87998.9,88148.9,87569.0,87686.1,50.47974125
2025-12-29 11:00:00,87686.1,87686.1,87489.0,87489.0,37.32595087
2025-12-29 12:00:00,87485.0,87510.7,86700.0,87267.8,282.00837834
2025-12-29 13:00:00,87267.8,87415.4,87070.2,87260.8,71.07004046
2025-12-29 14:00:00,87260.8,88089.6,87151.2,87325.6,329.55195879
2025-12-29 15:00:00,87325.7,87786.5,87122.8,87587.3,90.66679892
2025-12-29 16:00:00,87587.4,87750.3,87352.8,87536.7,51.58680066
2025-12-29 17:00:00,87536.7,87730.9,87258.5,87730.9,32.90891304
2025-12-29 18:00:00,87730.9,87888.2,87269.0,87333.2,121.61283174
2025-12-29 19:00:00,87350.0,87548.9,87214.2,87253.9,49.28759052
2025-12-29 20:00:00,87253.9,87470.0,86963.4,87095.5,92.83197432
2025-12-29 21:00:00,87095.6,87261.0,87066.2,87220.4,19.53834526
2025-12-29 22:00:00,87220.5,87272.2,86985.1,87231.2,50.97947308
2025-12-29 23:00:00,87231.2,87270.3,87067.6,87135.1,22.60202617
2025-12-30 00:00:00,87135.1,87235.7,87000.0,87144.3,13.34886241
2025-12-30 01:00:00,87144.3,87231.7,87022.8,87191.3,9.86294864
2025-12-30 02:00:00,87191.3,87226.2,86892.8,86974.9,24.79652345
2025-12-30 03:00:00,86975.0,87300.4,86736.5,87251.0,49.89902026
2025-12-30 04:00:00,87251.0,87352.8,87180.6,87204.4,21.48246174
2025-12-30 05:00:00,87204.4,87239.2,87046.5,87114.3,12.15450773
2025-12-30 06:00:00,87114.3,87394.7,87114.2,87320.6,25.10452973
2025-12-30 07:00:00,87320.6,87478.6,87279.9,87372.6,17.93314249
2025-12-30 08:00:00,87372.6,88081.4,87372.6,87763.2,49.39394721
2025-12-30 09:00:00,87763.2,87918.7,87536.9,87875.1,58.38357134
2025-12-30 10:00:00,87875.1,88061.0,87752.8,87843.3,87.31095358
2025-12-30 11:00:00,87843.3,87888.8,87652.6,87775.1,31.34722416
2025-12-30 12:00:00,87775.1,87973.5,87775.1,87883.8,41.87321559
2025-12-30 13:00:00,87883.9,88030.1,87810.1,88003.9,18.34190446
2025-12-30 14:00:00,88004.0,88872.5,87720.2,88752.2,127.41854315
2025-12-30 15:00:00,88759.4,89035.3,88101.2,88902.8,111.98513552
2025-12-30 16:00:00,88902.9,89298.0,88474.4,88643.1,134.35268362
2025-12-30 17:00:00,88643.2,88810.9,88052.6,88293.2,90.10300219
2025-12-30 18:00:00,88293.2,88419.3,88039.0,88250.0,66.88356587
2025-12-30 19:00:00,88250.1,88328.5,87889.4,88140.4,60.29991281
2025-12-30 20:00:00,88140.4,88140.4,87808.6,87820.2,36.08648267
2025-12-30 21:00:00,87820.2,88240.1,87809.7,88172.4,26.52126292
2025-12-30 22:00:00,88172.4,88375.4,88172.3,88317.2,36.39412354
2025-12-30 23:00:00,88317.2,88478.5,88273.9,88401.9,28.27230318
2025-12-31 00:00:00,88400.1,88400.1,88167.0,88167.1,23.49040245
2025-12-31 01:00:00,88167.1,88662.2,88068.9,88550.2,57.58120583
2025-12-31 02:00:00,88550.2,88630.8,88408.7,88568.2,22.91905421
2025-12-31 03:00:00,88568.2,88683.5,88262.1,88329.9,37.47849602
2025-12-31 04:00:00,88330.0,88411.0,88228.3,88228.4,22.55201549
2025-12-31 05:00:00,88228.4,88400.0,88228.3,88349.3,14.78169583
2025-12-31 06:00:00,88349.3,88438.4,88349.2,88389.5,13.60589706
2025-12-31 07:00:00,88389.5,88500.0,88324.8,88500.0,8.95665033
2025-12-31 08:00:00,88500.0,88595.5,88292.4,88314.9,20.13772373
2025-12-31 09:00:00,88317.2,88579.6,88317.2,88554.5,61.79112631
2025-12-31 10:00:00,88554.6,88759.4,88554.5,88700.0,25.54633404
2025-12-31 11:00:00,88700.0,88928.6,88691.6,88892.0,31.93669465
2025-12-31 12:00:00,88902.2,88924.4,88638.9,88659.3,62.77576934
2025-12-31 13:00:00,88659.3,88937.3,88631.4,88854.9,21.4677384
2025-12-31 14:00:00,88854.9,89067.4,88169.4,88343.3,74.36713453
2025-12-31 15:00:00,88350.0,88350.0,87696.0,87810.2,154.71464603
2025-12-31 16:00:00,87810.3,87918.9,87300.0,87518.3,250.86310054
2025-12-31 17:00:00,87518.4,87606.0,87369.6,87506.0,147.51209748
2025-12-31 18:00:00,87506.0,87846.8,87458.0,87570.1,58.65821911
2025-12-31 19:00:00,87570.1,87732.9,87395.0,87420.3,65.76304511
2025-12-31 20:00:00,87420.3,87538.9,87101.5,87534.1,104.57095786
2025-12-31 21:00:00,87521.2,87700.0,87521.1,87641.2,130.43734239
2025-12-31 22:00:00,87641.2,87723.0,87539.0,87584.1,70.30701521
2025-12-31 23:00:00,87584.2,87584.2,87500.1,87500.1,14.09024435
2026-01-01 00:00:00,87500.2,87686.7,87500.1,87663.5,25.50589064
2026-01-01 01:00:00,87663.5,87878.0,87663.4,87810.3,14.03723254
2026-01-01 02:00:00,87810.3,87905.0,87742.4,87764.0,27.27603163
2026-01-01 03:00:00,87764.0,87844.1,87679.2,87679.2,31.94120055
2026-01-01 04:00:00,87679.4,87698.3,87400.0,87417.6,64.23686523
2026-01-01 05:00:00,87417.5,87572.1,87417.5,87552.7,19.55992002
2026-01-01 06:00:00,87552.7,87552.7,87481.4,87501.3,15.83458455
2026-01-01 07:00:00,87501.3,87505.0,87453.6,87453.7,14.67331965
2026-01-01 08:00:00,87453.7,87640.7,87453.6,87615.6,10.97951612
2026-01-01 09:00:00,87615.6,87784.5,87615.6,87705.0,8.91612187
2026-01-01 10:00:00,87705.0,87733.6,87648.5,87709.3,77.57534725
2026-01-01 11:00:00,87711.1,87879.8,87711.0,87866.7,19.10516524
2026-01-01 12:00:00,87866.7,87866.7,87802.0,87831.3,7.00755784
2026-01-01 13:00:00,87831.3,87891.0,87750.1,87791.1,60.14781475
2026-01-01 14:00:00,87791.1,87858.0,87700.0,87851.1,422.08756734
2026-01-01 15:00:00,87851.2,88000.0,87815.3,87923.5,47.37100161
2026-01-01 16:00:00,87923.5,87923.5,87776.1,87852.9,33.6396103
2026-01-01 17:00:00,87852.9,88382.4,87838.6,88183.2,47.52626599
2026-01-01 18:00:00,88183.2,88230.1,88013.1,88044.9,48.18732598
2026-01-01 19:00:00,88044.9,88313.5,87956.4,88245.9,14.74344597
2026-01-01 20:00:00,88250.9,88253.9,88143.8,88152.6,25.56778659
2026-01-01 21:00:00,88152.6,88306.5,88144.9,88281.5,21.20765225
2026-01-01 22:00:00,88281.5,88546.0,88281.4,88530.4,46.64794734
2026-01-01 23:00:00,88530.4,88779.3,88355.8,88731.8,53.78823758
2026-01-02 00:00:00,88730.0,88761.0,88494.9,88706.1,23.79748421
2026-01-02 01:00:00,88706.1,88757.9,88422.9,88537.5,31.29288015
2026-01-02 02:00:00,88537.5,88563.8,88273.3,88519.9,30.59144029
2026-01-02 03:00:00,88520.0,88991.4,88467.3,88827.1,68.18485745
2026-01-02 04:00:00,88827.2,88866.9,88526.6,88526.7,25.56640781
2026-01-02 05:00:00,88526.7,88675.2,88462.4,88644.2,39.54240773
2026-01-02 06:00:00,88644.3,88950.0,88623.8,88832.3,21.61798071
2026-01-02 07:00:00,88832.4,88936.0,88739.4,88739.4,17.96328418
2026-01-02 08:00:00,88739.5,89064.5,88713.1,89064.5,92.32648383
2026-01-02 09:00:00,89064.5,89354.0,89002.6,89339.0,44.08860708
2026-01-02 10:00:00,89339.1,89806.9,89339.1,89544.6,105.69176113
2026-01-02 11:00:00,89544.6,89563.4,89271.8,89402.1,39.32210352
2026-01-02 12:00:00,89402.1,89480.1,89279.6,89304.5,43.96656364
2026-01-02 13:00:00,89304.5,89579.0,89222.2,89250.3,46.50518345
2026-01-02 14:00:00,89250.4,90042.4,88389.2,89511.3,210.27842805
2026-01-02 15:00:00,89511.3,89812.8,88739.4,89324.3,106.85532306
2026-01-02 16:00:00,89324.4,90800.0,89115.0,90326.3,228.7172894
2026-01-02 17:00:00,90326.3,90900.0,90175.1,90315.1,236.27993298
2026-01-02 18:00:00,90315.1,90500.0,89517.4,89703.2,210.33068989
2026-01-02 19:00:00,89703.2,90099.4,89605.6,89852.9,46.29424256
2026-01-02 20:00:00,89852.9,90010.2,89582.6,89694.1,86.49627991
2026-01-02 21:00:00,89694.1,90103.7,89684.5,90030.9,64.98307363
2026-01-02 22:00:00,90028.0,90346.6,89974.2,90156.2,58.54084017
2026-01-02 23:00:00,90156.3,90156.3,89862.9,89934.0,22.64913637
2026-01-03 00:00:00,89934.0,90137.2,89933.3,90102.2,17.48393034
2026-01-03 01:00:00,90102.2,90256.3,90032.5,90247.1,17.57621022
2026-01-03 02:00:00,90247.2,90348.4,90097.6,90302.9,12.29464306
2026-01-03 03:00:00,90302.9,90336.6,90166.2,90282.1,29.71620045
2026-01-03 04:00:00,90282.2,90424.2,90030.3,90121.1,37.71096045
2026-01-03 05:00:00,90121.1,90150.0,89886.0,89991.9,12.82342117
2026-01-03 06:00:00,89991.9,90072.9,89830.3,89845.2,10.20940348
2026-01-03 07:00:00,89845.2,89892.5,89300.0,89558.3,73.30836535
2026-01-03 08:00:00,89558.4,89775.6,89395.3,89624.3,69.69757114
2026-01-03 09:00:00,89624.4,89926.5,89596.8,89747.3,112.28876278
2026-01-03 10:00:00,89747.4,89835.6,89669.5,89716.8,60.77348849
2026-01-03 11:00:00,89716.9,89720.7,89631.1,89703.2,8.00748694
2026-01-03 12:00:00,89703.2,89967.7,89582.5,89961.6,59.4095607
2026-01-03 13:00:00,89969.7,89989.9,89867.1,89953.5,12.7664307
2026-01-03 14:00:00,89953.5,90175.1,89912.2,90063.7,110.1399538
2026-01-03 15:00:00,90063.7,90119.1,89923.8,89923.9,64.71852049
2026-01-03 16:00:00,89923.9,90150.0,89864.0,90051.1,87.07919686
2026-01-03 17:00:00,90051.1,90078.2,89973.1,90022.4,5.60709824
2026-01-03 18:00:00,90022.4,90147.9,90000.0,90099.7,10.04627609
2026-01-03 19:00:00,90099.8,90099.8,90001.8,90055.4,67.15545327
2026-01-03 20:00:00,90055.5,90305.0,90000.0,90300.0,94.96514639
2026-01-03 21:00:00,90300.0,90677.5,90269.9,90503.7,96.16822746
2026-01-03 22:00:00,90503.7,90674.1,90443.4,90534.4,21.89121963
2026-01-03 23:00:00,90534.4,90644.7,90435.6,90590.1,21.17285846
2026-01-04 00:00:00,90590.1,91524.9,90590.0,91291.3,141.40261841
2026-01-04 01:00:00,91291.3,91429.6,90975.9,91191.9,32.07494077
2026-01-04 02:00:00,91191.9,91234.0,91030.5,91084.2,17.51623444
2026-01-04 03:00:00,91084.2,91307.0,91058.4,91199.4,22.97480228
2026-01-04 04:00:00,91199.4,91515.2,91136.5,91358.4,19.16275481
2026-01-04 05:00:00,91358.4,91451.6,91314.7,91451.6,12.72909737
2026-01-04 06:00:00,91451.6,91768.3,91200.0,91200.0,103.91997922
2026-01-04 07:00:00,91200.1,91476.2,91200.0,91476.2,48.12754684
2026-01-04 08:00:00,91476.2,91478.0,91132.3,91316.8,61.65184023
2026-01-04 09:00:00,91316.9,91436.3,91215.3,91411.8,19.66980187
2026-01-04 10:00:00,91411.8,91550.0,91394.0,91532.4,16.10017484
2026-01-04 11:00:00,91532.5,91532.5,91200.0,91252.0,39.44160804
2026-01-04 12:00:00,91252.1,91288.0,91077.1,91100.1,30.14152062
2026-01-04 13:00:00,91100.1,91223.1,91000.0,91210.1,9.82334568
2026-01-04 14:00:00,91210.1,91361.6,91104.9,91274.9,57.19737664
2026-01-04 15:00:00,91275.0,91325.3,91074.1,91288.6,20.23353616
2026-01-04 16:00:00,91288.7,91392.0,91207.6,91285.2,32.61550436
2026-01-04 17:00:00,91285.2,91390.5,91285.1,91304.6,10.90398936
2026-01-04 18:00:00,91304.6,91304.6,90934.2,91165.0,29.99911113
2026-01-04 19:00:00,91165.1,91165.1,90804.1,91116.6,25.65749589
2026-01-04 20:00:00,91116.7,91302.4,91106.4,91253.0,11.23509217
2026-01-04 21:00:00,91253.1,91357.7,91160.0,91223.4,15.28505266
2026-01-04 22:00:00,91223.4,91352.5,91107.1,91193.5,14.51032096
2026-01-04 23:00:00,91193.5,91522.8,91193.5,91507.0,50.71003421
2026-01-05 00:00:00,91507.0,92377.4,91489.5,92355.6,288.51358704
2026-01-05 01:00:00,92355.6,93333.0,92250.1,92906.9,271.03489495
2026-01-05 02:00:00,92906.9,93130.5,92720.7,92983.9,46.99759741
2026-01-05 03:00:00,92983.9,93159.1,92829.8,92835.8,23.64075688
2026-01-05 04:00:00,92835.8,92896.2,92293.4,92566.3,55.76163495
2026-01-05 05:00:00,92566.3,92685.7,92321.0,92321.1,43.57346249
2026-01-05 06:00:00,92321.1,92452.2,92121.8,92440.2,33.76298948
2026-01-05 07:00:00,92440.2,92574.3,92440.1,92475.2,21.26654072
2026-01-05 08:00:00,92475.2,92698.4,92399.5,92402.1,29.52175972
2026-01-05 09:00:00,92402.2,92778.0,92282.0,92650.1,14.0878177
2026-01-05 10:00:00,92650.1,93092.8,92622.5,93028.5,68.71939806
2026-01-05 11:00:00,93028.5,93092.3,92839.8,93049.5,32.48933024
2026-01-05 12:00:00,93049.6,93146.0,92702.8,92810.9,37.92372069
2026-01-05 13:00:00,92810.9,92956.6,92500.0,92678.1,30.85648281
2026-01-05 14:00:00,92678.1,93600.0,92369.9,93361.8,162.48360654
2026-01-05 15:00:00,93385.2,93975.8,93121.0,93937.0,114.04555479
2026-01-05 16:00:00,93937.1,94054.0,93574.0,93680.7,187.15769944
2026-01-05 17:00:00,93680.7,94445.3,93250.0,94308.8,137.74520986
2026-01-05 18:00:00,94308.9,94500.0,93923.3,94450.0,100.44756394
2026-01-05 19:00:00,94450.0,94497.1,94124.9,94288.1,69.12500449
2026-01-05 20:00:00,94288.2,94783.9,94038.0,94169.9,131.79575081
2026-01-05 21:00:00,94169.9,94232.2,93817.4,94088.5,59.59197179
2026-01-05 22:00:00,94088.5,94390.0,94029.4,94176.8,91.05083474
2026-01-05 23:00:00,94176.8,94176.8,93866.8,93866.9,19.05977144
2026-01-06 00:00:00,93866.9,93963.0,93550.0,93812.5,64.80073755
2026-01-06 01:00:00,93812.5,94164.9,93724.2,93759.9,32.51798408
2026-01-06 02:00:00,93760.0,93874.3,93525.2,93609.4,23.4757296
2026-01-06 03:00:00,93609.4,93928.4,93609.3,93754.9,28.19773389
2026-01-06 04:00:00,93755.0,93965.1,93731.4,93795.2,27.51682873
2026-01-06 05:00:00,93795.2,93795.2,93538.9,93581.0,21.83789892
2026-01-06 06:00:00,93581.0,93900.0,93545.0,93761.1,21.93612972
2026-01-06 07:00:00,93761.1,93761.1,93122.1,93215.3,40.53438658
2026-01-06 08:00:00,93215.4,93375.6,93152.3,93199.8,15.86309587
2026-01-06 09:00:00,93199.8,93508.2,93190.8,93437.5,26.27141827
2026-01-06 10:00:00,93437.6,93608.7,93379.6,93538.3,16.00183291
2026-01-06 11:00:00,93541.4,93862.5,93532.3,93794.1,44.99721108
2026-01-06 12:00:00,93794.1,93950.0,93760.4,93836.8,32.43748775
2026-01-06 13:00:00,93836.8,93836.8,93625.1,93682.4,42.22599024
2026-01-06 14:00:00,93682.4,94401.8,93500.0,93786.9,190.38653025
2026-01-06 15:00:00,93786.9,94260.6,93280.8,93591.8,122.99222448
2026-01-06 16:00:00,93591.8,93715.5,92282.8,92650.1,289.0259193
2026-01-06 17:00:00,92650.1,92730.5,91500.8,91514.9,370.34773456
2026-01-06 18:00:00,91515.0,92155.0,91230.8,91988.8,133.26111187
2026-01-06 19:00:00,91988.8,92271.8,91862.4,92061.7,49.23429351
2026-01-06 20:00:00,92048.6,92632.8,92045.8,92461.7,62.85742674
2026-01-06 21:00:00,92461.7,93771.6,92350.0,93219.6,149.37425405
2026-01-06 22:00:00,93219.5,93464.6,92914.0,93291.8,52.97143987
2026-01-06 23:00:00,93306.8,93741.2,93306.7,93711.8,63.12603912
2026-01-07 00:00:00,93711.8,93712.5,92598.9,92662.3,75.23445461
2026-01-07 01:00:00,92661.8,92828.9,92274.0,92412.3,67.57381737
2026-01-07 02:00:00,92412.3,92965.7,92201.0,92899.9,23.33552244
2026-01-07 03:00:00,92900.0,93021.5,92668.4,92736.8,18.38089134
2026-01-07 04:00:00,92736.8,92841.8,92541.8,92605.5,13.70671023
2026-01-07 05:00:00,92605.5,92790.5,92455.0,92458.7,37.60182521
2026-01-07 06:00:00,92462.5,92842.1,92455.0,92562.4,7.38447451
2026-01-07 07:00:00,92562.4,92789.1,92562.3,92789.0,6.38955639
2026-01-07 08:00:00,92789.1,92869.3,92646.8,92649.6,11.01912277
2026-01-07 09:00:00,92649.6,92649.6,91555.0,91650.1,95.71070779
2026-01-07 10:00:00,91650.1,91926.7,91550.0,91926.5,32.53630634
2026-01-07 11:00:00,91926.5,92166.0,91876.0,92031.8,50.22916513
2026-01-07 12:00:00,92021.9,92085.6,91902.0,91935.1,26.91408228
2026-01-07 13:00:00,91935.1,92188.2,91787.9,91973.8,84.53553539
2026-01-07 14:00:00,91973.9,92055.5,91308.3,91896.4,108.79793698
2026-01-07 15:00:00,91896.4,91911.8,90963.6,91266.7,161.10434216
2026-01-07 16:00:00,91266.8,91720.4,91095.6,91168.9,97.9892862
2026-01-07 17:00:00,91169.1,91617.2,90968.4,91188.9,54.39917904
2026-01-07 18:00:00,91176.9,91336.9,90666.8,90821.3,91.53185623
2026-01-07 19:00:00,90821.3,91179.9,90591.9,91094.6,216.78804571
2026-01-07 20:00:00,91087.3,91187.0,90673.5,90925.8,57.46876083
2026-01-07 21:00:00,90951.8,91137.7,90946.7,91011.8,41.03133524
2026-01-07 22:00:00,91008.9,91267.2,90788.7,91113.0,51.04211709
2026-01-07 23:00:00,91103.9,91368.7,90913.4,91273.3,28.9443016
2026-01-08 00:00:00,91273.3,91417.1,91000.0,91298.8,19.70034411
2026-01-08 01:00:00,91298.8,91584.7,91222.1,91327.2,44.82788884
2026-01-08 02:00:00,91327.2,91360.8,90661.5,90843.9,39.85402645
2026-01-08 03:00:00,90844.0,91018.2,90500.0,90701.5,67.35965552
2026-01-08 04:00:00,90701.5,91027.1,90598.4,90918.9,25.96787167
2026-01-08 05:00:00,90918.9,91045.8,90688.4,90699.9,11.4930444
2026-01-08 06:00:00,90699.9,90751.8,89741.1,89765.9,148.75635138
2026-01-08 07:00:00,89765.8,90424.2,89507.4,90424.2,69.49679816
2026-01-08 08:00:00,90424.2,90629.1,90051.8,90096.8,64.3418912
2026-01-08 09:00:00,90096.8,90243.6,89862.0,89883.1,45.60940748
2026-01-08 10:00:00,89883.1,90348.4,89683.4,90291.9,37.76780782
2026-01-08 11:00:00,90291.9,90351.8,89910.2,90096.8,75.89551584
2026-01-08 12:00:00,90096.8,90097.0,89661.1,89866.3,62.8138442
2026-01-08 13:00:00,89866.3,89981.7,89780.1,89854.9,68.39765526
2026-01-08 14:00:00,89855.0,90042.0,89225.0,89919.9,128.23776845
2026-01-08 15:00:00,89919.9,90722.4,89722.6,90711.4,99.78130404
2026-01-08 16:00:00,90706.9,90826.6,90229.4,90826.6,74.38214588
2026-01-08 17:00:00,90829.3,91345.9,90771.8,91308.7,91.76612176
2026-01-08 18:00:00,91308.7,91367.7,90882.2,91038.3,36.5948842
2026-01-08 19:00:00,91038.4,91229.8,90739.9,90846.8,76.37874415
2026-01-08 20:00:00,90846.8,90898.7,90475.6,90844.5,40.14512217
2026-01-08 21:00:00,90844.6,91230.8,90840.4,91208.9,50.68917506
2026-01-08 22:00:00,91208.9,91401.8,90983.5,91133.8,18.56138685
2026-01-08 23:00:00,91133.8,91250.5,90981.9,91029.1,21.90018346
2026-01-09 00:00:00,91029.1,91215.3,90992.9,91211.1,19.69045429
2026-01-09 01:00:00,91211.2,91539.8,90761.3,90947.0,34.2616812
2026-01-09 02:00:00,90947.0,91371.8,90937.5,90938.8,13.45784712
2026-01-09 03:00:00,90938.8,91163.3,90877.5,91118.4,13.62587403
2026-01-09 04:00:00,91118.4,91118.4,90846.9,90913.3,5.56192656
2026-01-09 05:00:00,90913.3,91002.7,90816.9,90966.8,5.0115837
2026-01-09 06:00:00,90966.8,91024.6,90880.1,91024.6,22.60813491
2026-01-09 07:00:00,91024.6,91024.6,90626.5,90626.5,23.38186041
2026-01-09 08:00:00,90626.6,90751.8,89603.4,89895.0,128.36558136
2026-01-09 09:00:00,89900.0,90348.4,89900.0,90221.4,34.09602958
2026-01-09 10:00:00,90221.5,90429.9,90186.8,90377.4,29.78157648
2026-01-09 11:00:00,90377.4,90578.9,90297.1,90336.8,12.75724266
2026-01-09 12:00:00,90336.8,90484.6,90126.9,90351.9,22.69308227
2026-01-09 13:00:00,90351.9,90848.4,90309.6,90516.9,75.48468377
2026-01-09 14:00:00,90516.9,90558.8,89850.4,90054.9,81.23514988
2026-01-09 15:00:00,90055.0,91955.9,89756.0,91041.8,271.61316224
2026-01-09 16:00:00,91056.8,91671.8,91056.7,91521.8,304.34494514
2026-01-09 17:00:00,91521.8,91581.6,90924.8,91346.6,60.51339905
2026-01-09 18:00:00,91346.6,91400.0,90255.2,90722.0,89.25464839
2026-01-09 19:00:00,90722.0,90722.0,90096.8,90231.9,86.48655809
2026-01-09 20:00:00,90231.9,90456.8,90131.6,90188.0,25.11341804
2026-01-09 21:00:00,90192.9,90500.0,90021.4,90414.4,37.02305597
2026-01-09 22:00:00,90414.4,90565.4,90238.6,90495.6,14.84393626
2026-01-09 23:00:00,90495.6,90599.4,90478.3,90513.2,10.5743505
2026-01-10 00:00:00,90513.3,90550.0,90411.8,90436.1,40.62359488
2026-01-10 01:00:00,90436.1,90594.2,90436.0,90549.4,4.33424995
2026-01-10 02:00:00,90549.4,90630.7,90476.0,90540.0,16.16642584
2026-01-10 03:00:00,90539.9,90540.0,90430.9,90516.0,2.71157157
2026-01-10 04:00:00,90516.0,90516.0,90295.3,90321.7,23.25661972
2026-01-10 05:00:00,90321.8,90477.1,90310.9,90473.0,3.28540383
2026-01-10 06:00:00,90473.1,90473.1,90351.8,90370.4,37.55928458
2026-01-10 07:00:00,90370.4,90536.3,90370.3,90532.5,13.62335088
2026-01-10 08:00:00,90532.6,90612.8,90486.9,90510.0,13.22240786
2026-01-10 09:00:00,90510.1,90612.9,90500.0,90612.9,5.95982534
2026-01-10 10:00:00,90612.9,90699.7,90599.9,90699.7,5.8082143
2026-01-10 11:00:00,90699.7,90699.7,90584.7,90584.8,25.51879867
2026-01-10 12:00:00,90584.8,90656.0,90538.5,90598.8,4.02656696
2026-01-10 13:00:00,90598.9,90626.2,90525.6,90528.9,5.04828458
2026-01-10 14:00:00,90529.0,90538.5,90424.8,90444.4,9.14235822
2026-01-10 15:00:00,90444.4,90539.7,90444.4,90539.7,6.09922734
2026-01-10 16:00:00,90539.7,90600.0,90507.6,90552.0,25.58711352
2026-01-10 17:00:00,90552.1,90619.7,90419.7,90419.8,6.9497086
2026-01-10 18:00:00,90419.8,90458.6,90400.0,90452.6,13.93739462
2026-01-10 19:00:00,90452.6,90504.7,90452.5,90504.7,5.77510763
2026-01-10 20:00:00,90504.7,90517.5,90444.0,90444.1,6.58543577
2026-01-10 21:00:00,90444.1,90444.1,90374.6,90380.1,7.08300942
2026-01-10 22:00:00,90380.1,90440.1,90285.2,90303.9,32.91933063
2026-01-10 23:00:00,90304.0,90429.9,90303.9,90375.2,6.26234
2026-01-11 00:00:00,90375.2,90521.1,90339.2,90506.6,13.80120363
2026-01-11 01:00:00,90506.7,90538.8,90445.2,90487.0,2.14801826
2026-01-11 02:00:00,90487.0,90594.0,90486.9,90585.2,5.40136622
2026-01-11 03:00:00,90585.1,90608.0,90535.1,90608.0,16.63377701
2026-01-11 04:00:00,90608.0,90674.3,90565.1,90674.3,7.93856752
2026-01-11 05:00:00,90671.9,90723.7,90635.1,90638.7,17.56244738
2026-01-11 06:00:00,90638.7,90659.7,90480.5,90618.8,3.47834139
2026-01-11 07:00:00,90618.9,90621.5,90565.1,90586.2,2.53228833
2026-01-11 08:00:00,90586.2,90669.9,90500.1,90669.9,31.51996232
2026-01-11 09:00:00,90669.9,90670.2,90560.1,90615.4,4.99539373
2026-01-11 10:00:00,90615.4,90615.4,90570.1,90605.1,25.37029778
2026-01-11 11:00:00,90605.1,90619.0,90573.1,90605.6,4.56229704
2026-01-11 12:00:00,90613.9,90874.4,90600.0,90828.1,17.01024137
2026-01-11 13:00:00,90828.1,90835.5,90688.6,90750.9,43.58138136
2026-01-11 14:00:00,90750.9,91040.8,90750.8,91015.9,90.46692033
2026-01-11 15:00:00,91015.9,91015.9,90507.7,90749.8,63.97835821
2026-01-11 16:00:00,90749.8,91132.3,90749.8,90914.1,30.43116657
2026-01-11 17:00:00,90914.1,91003.3,90795.8,90854.4,15.30228133
2026-01-11 18:00:00,90854.4,90854.4,90670.8,90755.8,12.4533088
2026-01-11 19:00:00,90755.8,90783.7,90530.8,90576.0,14.98748821
2026-01-11 20:00:00,90570.9,90593.8,90300.0,90577.1,28.50972394
2026-01-11 21:00:00,90577.1,90691.2,90469.1,90611.3,17.20689254
2026-01-11 22:00:00,90611.3,90611.3,90328.0,90413.4,14.23660494
2026-01-11 23:00:00,90413.4,90886.9,90100.0,90849.8,46.77071807
2026-01-12 00:00:00,90861.1,91099.5,90573.3,91099.5,50.12452369
2026-01-12 01:00:00,91099.5,91658.7,90964.0,91280.1,139.11407181
2026-01-12 02:00:00,91280.1,92243.5,91259.4,92095.6,110.621041
2026-01-12 03:00:00,92095.6,92364.1,91674.3,91674.4,82.55759209
2026-01-12 04:00:00,91674.4,92149.6,91629.4,92036.3,21.14077683
2026-01-12 05:00:00,92036.4,92124.6,91920.9,91970.3,22.22130183
2026-01-12 06:00:00,91970.4,92053.1,91682.7,91699.2,75.60188816
2026-01-12 07:00:00,91699.2,91811.5,91285.5,91296.1,30.671405
2026-01-12 08:00:00,91296.0,91500.1,90275.1,90628.5,355.53990229
2026-01-12 09:00:00,90628.6,90805.1,90545.6,90558.0,51.23871199
2026-01-12 10:00:00,90558.0,90655.6,90250.9,90308.7,86.94206633
2026-01-12 11:00:00,90308.7,90679.4,90300.0,90520.4,61.61471394
2026-01-12 12:00:00,90518.6,90732.0,90480.9,90659.4,53.16110336
2026-01-12 13:00:00,90659.4,90689.3,90424.8,90500.0,119.6327096
2026-01-12 14:00:00,90500.0,90997.2,89995.2,90808.4,169.51971596
2026-01-12 15:00:00,90808.5,91565.4,90621.7,91565.4,153.11901009
2026-01-12 16:00:00,91565.4,92217.6,91505.0,92052.1,126.10304893
2026-01-12 17:00:00,92052.1,92234.4,90957.5,91422.4,164.83317054
2026-01-12 18:00:00,91422.5,91860.3,91337.2,91626.2,121.11055688
2026-01-12 19:00:00,91626.2,91791.0,91358.3,91781.5,124.32738196
2026-01-12 20:00:00,91779.2,91960.2,91341.9,91400.1,60.24503076
2026-01-12 21:00:00,91406.0,91420.7,90849.4,90964.9,61.27187771
2026-01-12 22:00:00,90964.9,91351.4,90964.9,91152.0,26.53915711
2026-01-12 23:00:00,91152.0,91216.1,90969.1,91190.9,16.96050218
2026-01-13 00:00:00,91191.0,91437.0,91160.3,91394.0,79.92338124
2026-01-13 01:00:00,91394.0,91424.3,90938.2,91078.0,14.05873203
2026-01-13 02:00:00,91078.0,91267.9,91020.3,91020.3,45.22342023
2026-01-13 03:00:00,91020.4,91339.1,91014.9,91295.3,14.0646203
2026-01-13 04:00:00,91295.3,91503.4,91239.7,91400.5,30.78754398
2026-01-13 05:00:00,91400.5,92140.6,91379.6,91808.8,37.64255309
2026-01-13 06:00:00,91808.8,92143.9,91712.2,92092.0,33.24496087
2026-01-13 07:00:00,92092.0,92092.0,91807.8,91846.4,23.56213039
2026-01-13 08:00:00,91846.5,92148.8,91836.2,92067.7,17.0696682
2026-01-13 09:00:00,92067.8,92581.1,91873.0,92158.2,107.83796901
2026-01-13 10:00:00,92158.3,92243.7,91890.1,92040.8,36.3856918
2026-01-13 11:00:00,92040.8,92152.5,91870.1,91891.9,23.96140776
2026-01-13 12:00:00,91891.9,92041.9,91834.8,92006.1,13.92417024
2026-01-13 13:00:00,92006.2,92500.0,91893.4,91976.9,154.6329607
2026-01-13 14:00:00,91976.9,92816.0,91650.0,92403.8,120.69503831
2026-01-13 15:00:00,92398.9,93386.4,92055.6,93386.4,229.34190901
2026-01-13 16:00:00,93386.5,93716.2,93055.0,93353.4,324.02403258
2026-01-13 17:00:00,93353.5,93448.4,93048.8,93200.0,96.05798959
2026-01-13 18:00:00,93200.1,93818.0,93168.6,93599.6,67.78287181
2026-01-13 19:00:00,93599.7,94200.0,93451.8,94200.0,342.36427301
2026-01-13 20:00:00,94200.0,94487.7,94100.1,94433.0,154.35349733
2026-01-13 21:00:00,94394.6,94500.0,94053.1,94069.4,93.51389967
2026-01-13 22:00:00,94069.4,96476.1,94069.3,95656.1,487.03227301
2026-01-13 23:00:00,95704.2,96046.3,95042.6,95358.1,169.95175246
2026-01-14 00:00:00,95358.2,95599.0,95132.7,95207.5,114.7627797
2026-01-14 01:00:00,95192.7,95519.3,95073.1,95202.5,99.24128605
2026-01-14 02:00:00,95202.5,95499.9,95154.2,95282.1,34.39510725
2026-01-14 03:00:00,95282.2,95650.3,95235.4,95650.3,52.25088734
2026-01-14 04:00:00,95651.0,95727.8,95172.7,95185.2,35.93287508
2026-01-14 05:00:00,95185.2,95219.8,94938.6,94977.9,67.76013062
2026-01-14 06:00:00,94977.9,94993.0,94509.0,94992.3,187.5352798
2026-01-14 07:00:00,94992.3,95184.3,94833.4,95172.6,44.51110684
2026-01-14 08:00:00,95172.6,95269.0,94856.8,94856.9,54.04183994
2026-01-14 09:00:00,94856.9,95127.8,94856.8,95049.6,27.60280637
2026-01-14 10:00:00,95049.7,95246.0,94863.2,95051.5,317.28424552
2026-01-14 11:00:00,95051.5,95051.5,94704.5,94729.5,41.76462328
2026-01-14 12:00:00,94729.5,95100.0,94623.1,95030.4,26.97586256
2026-01-14 13:00:00,95030.5,95190.0,94866.3,94955.8,53.22974521
2026-01-14 14:00:00,94955.8,96800.0,94955.7,96484.3,327.96445402
2026-01-14 15:00:00,96484.4,97071.3,96196.2,96747.8,354.03225889
2026-01-14 16:00:00,96747.9,97680.0,96742.7,97299.9,313.82974896
2026-01-14 17:00:00,97300.0,97789.9,96665.4,96963.6,327.6326698
2026-01-14 18:00:00,96963.6,97105.5,96271.9,96805.3,125.98212992
2026-01-14 19:00:00,96805.3,97630.3,96693.4,97242.8,157.1303242
2026-01-14 20:00:00,97242.9,97899.7,97217.5,97670.9,329.07290979
2026-01-14 21:00:00,97671.0,97720.1,97376.6,97546.2,76.28082559
2026-01-14 22:00:00,97546.3,97567.0,96808.5,96904.4,157.21385926
2026-01-14 23:00:00,96904.5,97359.0,96896.6,96933.3,32.53718489
2026-01-15 00:00:00,96933.4,96983.6,96500.0,96624.7,37.68055304
2026-01-15 01:00:00,96624.8,96950.1,96311.6,96437.7,34.34328316
2026-01-15 02:00:00,96437.8,96570.1,96050.0,96299.9,54.55108067
2026-01-15 03:00:00,96300.0,96352.7,95742.2,95937.9,108.78683432
2026-01-15 04:00:00,95937.9,96334.9,95927.1,96257.6,30.60910392
2026-01-15 05:00:00,96260.4,96468.8,96213.7,96396.7,17.89795018
2026-01-15 06:00:00,96396.9,96517.6,96150.0,96226.9,27.19996374
2026-01-15 07:00:00,96227.0,96719.0,96188.6,96566.3,21.99123826
2026-01-15 08:00:00,96575.0,96626.4,96352.7,96625.2,22.83219518
2026-01-15 09:00:00,96625.2,97151.1,96555.7,97030.6,76.39294731
2026-01-15 10:00:00,97030.7,97030.7,96702.9,96800.1,40.23423409
2026-01-15 11:00:00,96800.1,96904.6,96558.5,96569.8,33.79809195
2026-01-15 12:00:00,96569.8,96987.4,96503.9,96962.1,17.58296129
2026-01-15 13:00:00,96962.2,96991.2,96613.5,96822.3,58.3922176
2026-01-15 14:00:00,96822.3,97092.9,95575.0,96034.8,222.74131704
2026-01-15 15:00:00,96034.8,96722.6,95418.4,96712.5,229.78694819
2026-01-15 16:00:00,96712.4,96895.0,96253.4,96711.8,98.97655947
2026-01-15 17:00:00,96711.8,97022.9,96405.0,96592.5,82.91242024
2026-01-15 18:00:00,96592.6,96592.6,95729.2,95801.8,120.02279008
2026-01-15 19:00:00,95801.9,95890.7,95153.1,95481.6,220.88036619
2026-01-15 20:00:00,95481.7,95621.7,95101.0,95175.9,136.83401505
2026-01-15 21:00:00,95219.3,95579.7,95161.4,95556.9,119.52574672
2026-01-15 22:00:00,95557.0,95819.8,95465.6,95539.4,24.96528268
2026-01-15 23:00:00,95539.5,95677.9,95398.0,95559.4,31.77235137
2026-01-16 00:00:00,95559.5,95780.2,95544.6,95584.9,131.04347106
2026-01-16 01:00:00,95584.9,95797.2,95417.0,95629.8,15.72319937
2026-01-16 02:00:00,95629.8,95645.0,95282.5,95460.0,133.49978002
2026-01-16 03:00:00,95460.1,95537.9,95299.7,95311.4,14.12182324
2026-01-16 04:00:00,95311.4,95536.7,95121.0,95216.3,20.44152513
2026-01-16 05:00:00,95216.4,95634.0,95216.3,95609.3,53.36538586
2026-01-16 06:00:00,95609.3,95759.0,95500.0,95713.5,26.50679228
2026-01-16 07:00:00,95713.5,95746.3,95458.0,95632.6,9.96841695
2026-01-16 08:00:00,95632.7,95800.0,95565.4,95638.3,16.83312338
2026-01-16 09:00:00,95638.4,95721.0,95565.4,95581.4,13.34565833
2026-01-16 10:00:00,95581.4,95589.3,95270.7,95274.1,94.06172717
2026-01-16 11:00:00,95274.1,95470.7,95218.8,95396.0,100.7980974
2026-01-16 12:00:00,95396.0,95532.7,95336.9,95417.8,23.45329068
2026-01-16 13:00:00,95417.8,95524.3,95251.0,95406.7,34.11223694
2026-01-16 14:00:00,95403.6,95774.7,95138.5,95138.6,103.41761842
2026-01-16 15:00:00,95138.6,95611.6,94260.4,94550.0,220.76903949
2026-01-16 16:00:00,94550.1,94959.5,94467.1,94847.8,73.74881787
2026-01-16 17:00:00,94847.8,95081.6,94518.1,95081.5,22.90770776
2026-01-16 18:00:00,95039.1,95179.9,94935.9,94971.5,45.34771109
2026-01-16 19:00:00,94971.5,95010.1,94800.4,94961.8,27.47526588
2026-01-16 20:00:00,94961.8,95527.9,94640.1,95527.9,90.63230841
2026-01-16 21:00:00,95527.9,95546.8,95315.6,95475.0,69.970206
2026-01-16 22:00:00,95475.1,95500.0,95211.2,95467.7,64.50278219
2026-01-16 23:00:00,95467.7,95532.8,95388.5,95510.9,26.83212799
2026-01-17 00:00:00,95510.3,95540.1,95390.3,95412.8,13.74358343
2026-01-17 01:00:00,95412.9,95487.8,95352.3,95363.0,17.79888156
2026-01-17 02:00:00,95363.0,95363.0,95184.0,95320.5,17.81173068
2026-01-17 03:00:00,95320.6,95337.2,95225.3,95337.2,9.84237795
2026-01-17 04:00:00,95337.2,95337.2,95224.5,95265.0,8.27188116
2026-01-17 05:00:00,95265.0,95333.5,95243.2,95269.6,14.58071281
2026-01-17 06:00:00,95269.6,95279.8,95154.4,95193.5,3.4009928
2026-01-17 07:00:00,95193.6,95193.6,95036.1,95053.0,5.69675036
2026-01-17 08:00:00,95053.0,95200.8,95002.6,95200.0,2.17791859
2026-01-17 09:00:00,95200.0,95241.6,95150.4,95223.5,4.73010317
2026-01-17 10:00:00,95223.5,95223.5,95037.0,95075.0,23.35171023
2026-01-17 11:00:00,95075.1,95266.8,95045.9,95254.4,5.62470185
2026-01-17 12:00:00,95254.4,95333.4,95195.8,95218.8,3.17422458
2026-01-17 13:00:00,95218.8,95382.8,95172.3,95368.7,14.12523165
2026-01-17 14:00:00,95368.7,95509.6,95319.3,95421.9,25.55609762
2026-01-17 15:00:00,95422.0,95600.0,95401.0,95538.2,18.358833
2026-01-17 16:00:00,95538.2,95538.2,95203.3,95280.9,28.10818496
2026-01-17 17:00:00,95280.9,95380.0,95250.0,95293.4,7.47174369
2026-01-17 18:00:00,95293.4,95426.7,95293.4,95373.6,5.98642524
2026-01-17 19:00:00,95373.6,95373.6,95239.9,95253.8,18.89317577
2026-01-17 20:00:00,95253.8,95325.0,95239.9,95325.0,46.47464505
2026-01-17 21:00:00,95325.0,95362.7,95231.9,95253.5,8.22138977
2026-01-17 22:00:00,95253.6,95253.6,95023.5,95147.1,22.13639996
2026-01-17 23:00:00,95147.1,95166.5,95078.0,95089.9,9.19582394
2026-01-18 00:00:00,95089.9,95180.9,95045.5,95057.9,21.14421234
2026-01-18 01:00:00,95057.9,95057.9,94822.9,94909.6,35.24644911
2026-01-18 02:00:00,94909.6,95012.0,94850.6,94969.3,31.55710334
2026-01-18 03:00:00,94969.3,95142.5,94969.2,95138.0,26.62705163
2026-01-18 04:00:00,95138.0,95138.0,95042.5,95043.0,8.48329048
2026-01-18 05:00:00,95043.1,95194.9,95030.6,95136.9,19.15542513
2026-01-18 06:00:00,95136.9,95170.0,95102.5,95127.8,5.49713498
2026-01-18 07:00:00,95127.8,95150.2,95000.0,95000.0,16.97481443
2026-01-18 08:00:00,95000.1,95154.0,94996.0,95140.6,3.35757637
2026-01-18 09:00:00,95140.7,95240.0,95132.2,95239.9,5.39472545
2026-01-18 10:00:00,95240.0,95240.0,95059.9,95122.7,25.3991371
2026-01-18 11:00:00,95122.8,95126.8,95035.0,95115.8,3.87905609
2026-01-18 12:00:00,95115.9,95124.7,95037.5,95052.4,3.98298717
2026-01-18 13:00:00,95052.5,95132.8,94860.0,95108.8,20.75589881
2026-01-18 14:00:00,95108.9,95296.0,94875.2,94911.9,30.2454534
2026-01-18 15:00:00,94912.0,95082.4,94895.7,95082.4,29.85887907
2026-01-18 16:00:00,95082.4,95141.8,95032.0,95131.7,11.97669549
2026-01-18 17:00:00,95131.8,95228.3,95107.9,95222.5,44.24047825
2026-01-18 18:00:00,95222.5,95475.0,95146.2,95407.1,48.72177108
2026-01-18 19:00:00,95407.2,95472.2,95300.0,95329.9,46.25746445
2026-01-18 20:00:00,95330.0,95403.6,95263.6,95263.6,11.71092944
2026-01-18 21:00:00,95263.7,95389.9,95244.1,95385.5,10.15696208
2026-01-18 22:00:00,95385.6,95480.8,95364.6,95459.2,16.15824232
2026-01-18 23:00:00,95459.2,95459.2,93554.6,93632.6,315.80805862
2026-01-19 00:00:00,93626.8,93626.8,91866.0,92695.0,378.35678372
2026-01-19 01:00:00,92695.0,92825.0,92195.1,92519.5,141.30130604
2026-01-19 02:00:00,92519.5,92617.1,92353.2,92546.4,25.31567042
2026-01-19 03:00:00,92546.4,92735.6,92456.2,92650.4,12.64853403
2026-01-19 04:00:00,92650.4,92692.4,92456.2,92640.3,19.42247554
2026-01-19 05:00:00,92640.4,92754.0,92489.9,92490.0,69.17358225
2026-01-19 06:00:00,92490.0,92570.8,92334.9,92506.0,45.21200045
2026-01-19 07:00:00,92520.0,92781.1,92520.0,92779.2,33.96833236
2026-01-19 08:00:00,92779.3,93319.5,92658.5,93231.0,56.56850766
2026-01-19 09:00:00,93231.0,93231.0,92888.4,92995.3,13.20827927
2026-01-19 10:00:00,92995.4,93020.8,92810.7,93006.6,28.699409
2026-01-19 11:00:00,93006.7,93234.9,92922.2,93145.7,9.27021293
2026-01-19 12:00:00,93145.7,93152.3,92948.4,93002.4,24.37178704
2026-01-19 13:00:00,93002.4,93085.0,92750.0,92951.7,37.07568209
2026-01-19 14:00:00,92951.8,92980.6,92678.2,92770.0,38.18572753
2026-01-19 15:00:00,92770.1,93012.0,92770.0,93012.0,33.18668045
2026-01-19 16:00:00,93012.0,93399.0,92940.0,93273.9,37.7146299
2026-01-19 17:00:00,93274.0,93332.6,93101.3,93167.5,21.59751373
2026-01-19 18:00:00,93167.6,93206.3,92883.3,92993.2,18.23677666
2026-01-19 19:00:00,92993.2,93089.8,92933.7,93056.4,8.48165491
2026-01-19 20:00:00,93056.4,93198.7,93042.8,93075.7,36.33177188
2026-01-19 21:00:00,93075.7,93272.4,92926.5,92945.3,55.54804885
2026-01-19 22:00:00,92945.4,92978.4,92000.0,92478.8,301.16872968
2026-01-19 23:00:00,92478.8,92664.9,92090.3,92546.5,290.75026344
2026-01-20 00:00:00,92546.5,92791.1,92295.4,92650.1,27.76847491
2026-01-20 01:00:00,92650.1,92805.9,92482.5,92631.5,56.53570417
2026-01-20 02:00:00,92631.5,92646.7,92303.2,92497.0,43.70876785
2026-01-20 03:00:00,92497.0,92587.5,92200.0,92370.6,34.68395477
2026-01-20 04:00:00,92370.6,92391.6,91895.0,91986.4,81.71917847
2026-01-20 05:00:00,91986.4,91986.4,91221.1,91573.0,107.24592017
2026-01-20 06:00:00,91560.7,91560.7,90676.4,90810.4,192.45835266
2026-01-20 07:00:00,90819.2,91184.2,90759.5,91092.5,42.67631275
2026-01-20 08:00:00,91092.5,91142.3,90584.5,91000.8,51.94849563
2026-01-20 09:00:00,91000.8,91000.8,90813.6,90926.6,34.15115982
2026-01-20 10:00:00,90926.6,91176.1,90912.4,91160.5,35.51419329
2026-01-20 11:00:00,91160.2,91329.3,91128.5,91128.6,10.08511325
2026-01-20 12:00:00,91128.6,91199.0,90977.8,91197.1,37.37837108
2026-01-20 13:00:00,91197.2,91213.9,90706.8,90866.5,102.29195098
2026-01-20 14:00:00,90866.5,91274.6,90171.8,90418.1,205.75575425
2026-01-20 15:00:00,90418.1,90696.9,89797.1,90591.1,142.57633335
2026-01-20 16:00:00,90591.1,90880.5,89948.2,90076.4,133.06831615
2026-01-20 17:00:00,90076.4,90400.0,89358.8,89675.3,165.15604943
2026-01-20 18:00:00,89675.3,89834.9,89281.4,89388.2,94.38126194
2026-01-20 19:00:00,89388.2,89673.6,89174.2,89596.5,189.62638447
2026-01-20 20:00:00,89596.5,89711.0,89270.8,89594.0,177.39778402
2026-01-20 21:00:00,89605.5,89689.5,89303.1,89360.0,78.66484571
2026-01-20 22:00:00,89352.3,89509.1,87800.0,88385.8,452.00671805
2026-01-20 23:00:00,88385.8,88396.7,87784.4,88309.9,131.42312545
2026-01-21 00:00:00,88309.9,88845.0,88151.8,88814.1,114.43392348
2026-01-21 01:00:00,88814.1,89051.0,88739.4,88904.6,84.78378316
2026-01-21 02:00:00,88904.6,89227.8,88881.0,88932.9,115.03464681
2026-01-21 03:00:00,88933.1,89469.2,88933.0,89316.6,101.43022346
2026-01-21 04:00:00,89316.7,89496.0,89243.7,89329.9,91.74201858
2026-01-21 05:00:00,89329.9,90000.0,89329.8,89830.3,49.69502338
2026-01-21 06:00:00,89830.3,89830.3,89399.4,89547.8,29.75822888
2026-01-21 07:00:00,89547.8,89632.2,88969.7,89119.1,59.83179574
2026-01-21 08:00:00,89119.1,89278.9,88880.8,89087.5,56.05627701
2026-01-21 09:00:00,89087.6,89387.2,88969.9,88998.3,39.58453294
2026-01-21 10:00:00,88998.3,89272.2,88971.5,89158.1,108.11933244
2026-01-21 11:00:00,89158.1,89269.0,88603.5,88700.0,32.76744462
2026-01-21 12:00:00,88700.0,88762.5,88101.0,88645.1,117.15171947
2026-01-21 13:00:00,88645.1,88911.9,88477.0,88599.9,54.36728778
2026-01-21 14:00:00,88588.5,91111.7,88517.5,89726.9,729.16547722
2026-01-21 15:00:00,89727.0,90504.9,89685.1,90218.3,330.43032147
2026-01-21 16:00:00,90218.3,90297.7,87507.6,87533.4,254.53156874
2026-01-21 17:00:00,87533.8,88047.2,87200.0,87853.9,320.65738443
2026-01-21 18:00:00,87853.9,88545.3,87405.6,88374.9,503.41256341
2026-01-21 19:00:00,88375.0,90347.9,88202.5,90275.8,242.28491274
2026-01-21 20:00:00,90275.8,90275.8,89351.2,90098.6,155.46850738
2026-01-21 21:00:00,90105.6,90241.7,89895.6,90160.0,65.05267837
2026-01-21 22:00:00,90160.0,90342.5,89692.8,89692.8,51.65043932
2026-01-21 23:00:00,89692.8,90132.3,89281.7,89372.9,57.71993888
2026-01-22 00:00:00,89372.9,89935.0,89372.9,89815.1,53.49195645
2026-01-22 01:00:00,89815.1,90112.1,89746.7,90023.0,48.759489
2026-01-22 02:00:00,90023.0,90261.7,89770.7,89868.2,28.9192688
2026-01-22 03:00:00,89868.2,90063.8,89621.8,89804.0,17.85541579
2026-01-22 04:00:00,89807.6,89975.8,89743.2,89926.5,14.05753301
2026-01-22 05:00:00,89918.7,89984.1,89850.0,89912.0,53.81725409
2026-01-22 06:00:00,89912.1,90100.0,89820.3,90079.5,16.48156962
2026-01-22 07:00:00,90079.5,90099.0,89716.3,89741.9,14.78161914
2026-01-22 08:00:00,89741.9,89875.2,89677.0,89820.5,20.39046845
2026-01-22 09:00:00,89820.5,90039.1,89797.1,89939.8,13.02470835
2026-01-22 10:00:00,89957.7,90010.3,89873.5,90010.1,15.28625736
2026-01-22 11:00:00,90010.2,90056.5,89812.0,89860.4,26.67390587
2026-01-22 12:00:00,89860.4,89988.1,89788.7,89928.2,13.58543293
2026-01-22 13:00:00,89928.2,90250.1,89410.1,89521.9,79.05394274
2026-01-22 14:00:00,89521.9,89620.1,88958.5,88993.9,144.16524802
2026-01-22 15:00:00,88993.8,89420.6,88422.6,88905.4,345.46041829
2026-01-22 16:00:00,88904.8,89163.7,88573.9,88947.5,65.84460255
2026-01-22 17:00:00,88947.6,89500.0,88947.6,89499.9,145.7297304
2026-01-22 18:00:00,89483.0,89716.6,89211.4,89221.8,85.71724909
2026-01-22 19:00:00,89221.8,89818.7,89012.1,89699.6,135.80872527
2026-01-22 20:00:00,89699.6,89851.0,89312.1,89312.1,75.82860042
2026-01-22 21:00:00,89312.2,89554.8,89155.9,89158.4,39.00483229
2026-01-22 22:00:00,89158.4,89452.0,89043.8,89269.1,32.47533793
2026-01-22 23:00:00,89269.1,89485.8,89085.6,89454.2,14.63688239
2026-01-23 00:00:00,89454.2,89532.5,89365.2,89440.3,17.165092
2026-01-23 01:00:00,89440.3,89845.7,89440.2,89845.7,27.83332512
2026-01-23 02:00:00,89845.7,89872.6,89555.7,89565.2,20.69821146
2026-01-23 03:00:00,89565.3,89818.7,89540.2,89818.7,9.23627536
2026-01-23 04:00:00,89818.8,89955.0,89782.0,89888.9,10.10216991
2026-01-23 05:00:00,89888.9,89888.9,89344.0,89536.8,28.40092185
2026-01-23 06:00:00,89527.4,89679.9,89313.6,89392.3,13.00751926
2026-01-23 07:00:00,89392.4,89553.3,89351.6,89445.0,7.27411563
2026-01-23 08:00:00,89445.1,89485.1,89011.6,89117.3,32.6639108
2026-01-23 09:00:00,89117.3,89249.2,88799.0,88849.3,128.98990003
2026-01-23 10:00:00,88849.4,89031.7,88763.8,88903.1,43.98636128
2026-01-23 11:00:00,88903.1,89209.1,88879.1,89075.2,21.37052615
2026-01-23 12:00:00,89075.2,89227.6,88968.8,89160.4,10.74004025
2026-01-23 13:00:00,89160.4,89300.0,89113.0,89230.9,20.73039007
2026-01-23 14:00:00,89231.0,89593.1,88500.0,88882.1,162.16013338
2026-01-23 15:00:00,88893.4,89741.8,88470.9,89644.4,182.69230175
2026-01-23 16:00:00,89644.4,90367.6,89388.6,90035.1,109.81630431
2026-01-23 17:00:00,90035.2,91099.5,89875.0,90494.2,190.5012043
2026-01-23 18:00:00,90494.2,90919.0,90372.6,90399.1,84.01626067
2026-01-23 19:00:00,90399.1,90419.2,89517.4,89860.9,121.95465572
2026-01-23 20:00:00,89860.9,90048.5,89091.7,89404.1,126.88064305
2026-01-23 21:00:00,89405.9,89567.9,89212.0,89236.3,31.31929887
2026-01-23 22:00:00,89236.3,89640.1,89236.2,89523.9,53.70210462
2026-01-23 23:00:00,89523.9,89523.9,89316.5,89495.0,30.24892729
2026-01-24 00:00:00,89495.0,89495.0,89306.0,89340.7,15.07140188
2026-01-24 01:00:00,89340.7,89469.9,89340.6,89430.5,4.28655095
2026-01-24 02:00:00,89430.5,89563.3,89430.4,89563.2,12.48126034
2026-01-24 03:00:00,89563.2,89786.3,89563.1,89643.6,23.03963859
2026-01-24 04:00:00,89643.6,89689.1,89597.6,89638.8,5.01080466
